source_rva	target	flow	depth	disposition
0x183E260	0x18292E0	UNCONDITIONAL_JUMP	0	QUEUED_OR_ALREADY_CAPTURED
0x183E340	0x1829760	UNCONDITIONAL_JUMP	0	QUEUED_OR_ALREADY_CAPTURED
0x183DFB0	0x182CFC0	UNCONDITIONAL_JUMP	0	QUEUED_OR_ALREADY_CAPTURED
0x183E350	0x1829620	UNCONDITIONAL_JUMP	0	QUEUED_OR_ALREADY_CAPTURED
0x183E140	0x182B590	UNCONDITIONAL_JUMP	0	QUEUED_OR_ALREADY_CAPTURED
0x183DF00	0x182D030	UNCONDITIONAL_JUMP	0	QUEUED_OR_ALREADY_CAPTURED
0x183E3E0	0x18277B0	UNCONDITIONAL_JUMP	0	QUEUED_OR_ALREADY_CAPTURED
0x183E400	0x182A0C0	UNCONDITIONAL_JUMP	0	QUEUED_OR_ALREADY_CAPTURED
0x183E070	0x182CEE0	UNCONDITIONAL_JUMP	0	QUEUED_OR_ALREADY_CAPTURED
0x183E060	0x182CF50	UNCONDITIONAL_JUMP	0	QUEUED_OR_ALREADY_CAPTURED
0x183E410	0x1829DE0	UNCONDITIONAL_JUMP	0	QUEUED_OR_ALREADY_CAPTURED
0x14C44A0	0x14B7760	UNCONDITIONAL_JUMP	0	QUEUED_OR_ALREADY_CAPTURED
0x183E250	0x182AC80	UNCONDITIONAL_JUMP	0	QUEUED_OR_ALREADY_CAPTURED
0x14B77A9	0x14A7620	UNCONDITIONAL_CALL	1	QUEUED_OR_ALREADY_CAPTURED
0x14B77B6	0x2AC7EA0	UNCONDITIONAL_CALL	1	RECORDED_ONLY
0x182AD86	0x22E4D20	UNCONDITIONAL_CALL	1	RECORDED_ONLY
0x182AE04	0x22E4D20	UNCONDITIONAL_CALL	1	RECORDED_ONLY
0x182AE1B	0x22D6FE0	UNCONDITIONAL_CALL	1	RECORDED_ONLY
0x182AE28	0x2304500	UNCONDITIONAL_CALL	1	RECORDED_ONLY
0x182AE32	0x2304500	UNCONDITIONAL_CALL	1	RECORDED_ONLY
0x182AE43	0x235C080	UNCONDITIONAL_CALL	1	RECORDED_ONLY
0x182AE54	0x235C080	UNCONDITIONAL_CALL	1	RECORDED_ONLY
0x182AE96	0x22E4D20	UNCONDITIONAL_CALL	1	RECORDED_ONLY
0x182AEB2	0x22D6FE0	UNCONDITIONAL_CALL	1	RECORDED_ONLY
0x182AEBF	0x2304500	UNCONDITIONAL_CALL	1	RECORDED_ONLY
0x182AEC9	0x2304500	UNCONDITIONAL_CALL	1	RECORDED_ONLY
0x182AEDA	0x235C080	UNCONDITIONAL_CALL	1	RECORDED_ONLY
0x182AEFF	0x235C080	CALL_TERMINATOR	1	RECORDED_ONLY
0x182D03E	0x182B590	CONDITIONAL_JUMP	1	QUEUED_OR_ALREADY_CAPTURED
0x1829347	0x22E2350	UNCONDITIONAL_CALL	1	RECORDED_ONLY
0x182938E	0x1878110	CALL_TERMINATOR	1	QUEUED_OR_ALREADY_CAPTURED
0x1829396	0x1720560	UNCONDITIONAL_CALL	1	QUEUED_OR_ALREADY_CAPTURED
0x182943E	0x22CDC90	UNCONDITIONAL_CALL	1	RECORDED_ONLY
0x1829450	0x1878110	CALL_TERMINATOR	1	QUEUED_OR_ALREADY_CAPTURED
0x1829485	0x182C190	UNCONDITIONAL_CALL	1	QUEUED_OR_ALREADY_CAPTURED
0x182950F	0x22CDC90	CALL_TERMINATOR	1	RECORDED_ONLY
0x18297DC	0x171DF10	UNCONDITIONAL_CALL	1	QUEUED_OR_ALREADY_CAPTURED
0x1829855	0x22CDC90	UNCONDITIONAL_CALL	1	RECORDED_ONLY
0x182986C	0x1878110	CALL_TERMINATOR	1	QUEUED_OR_ALREADY_CAPTURED
0x1829893	0x22E2350	UNCONDITIONAL_CALL	1	RECORDED_ONLY
0x18298DF	0x1878110	CALL_TERMINATOR	1	QUEUED_OR_ALREADY_CAPTURED
0x18298EA	0xB70A30	UNCONDITIONAL_CALL	1	QUEUED_OR_ALREADY_CAPTURED
0x182992A	0x1734B40	UNCONDITIONAL_CALL	1	QUEUED_OR_ALREADY_CAPTURED
0x18299AB	0x1720250	UNCONDITIONAL_CALL	1	QUEUED_OR_ALREADY_CAPTURED
0x18299B7	0x171FD10	UNCONDITIONAL_CALL	1	QUEUED_OR_ALREADY_CAPTURED
0x18299FA	0x171CF70	UNCONDITIONAL_CALL	1	QUEUED_OR_ALREADY_CAPTURED
0x1829A26	0x22E2350	UNCONDITIONAL_CALL	1	RECORDED_ONLY
0x1829A43	0x22E1CD0	UNCONDITIONAL_CALL	1	RECORDED_ONLY
0x182CFCE	0x182A250	CONDITIONAL_JUMP	1	QUEUED_OR_ALREADY_CAPTURED
0x182B5C0	0x22E23F0	UNCONDITIONAL_CALL	1	RECORDED_ONLY
0x182B5E1	0x149FF80	UNCONDITIONAL_CALL	1	QUEUED_OR_ALREADY_CAPTURED
0x18296C4	0x171CF70	UNCONDITIONAL_CALL	1	QUEUED_OR_ALREADY_CAPTURED
0x1829735	0x171FDF0	CALL_TERMINATOR	1	QUEUED_OR_ALREADY_CAPTURED
0x182973D	0x1878110	UNCONDITIONAL_CALL	1	QUEUED_OR_ALREADY_CAPTURED
0x1829E25	0x1720560	UNCONDITIONAL_CALL	1	QUEUED_OR_ALREADY_CAPTURED
0x1829E47	0x22E23F0	UNCONDITIONAL_CALL	1	RECORDED_ONLY
0x1829E53	0x171E640	UNCONDITIONAL_CALL	1	QUEUED_OR_ALREADY_CAPTURED
0x1829E76	0x149FF80	UNCONDITIONAL_CALL	1	QUEUED_OR_ALREADY_CAPTURED
0x1829EA7	0x2AC7EA0	UNCONDITIONAL_CALL	1	RECORDED_ONLY
0x1829F09	0x2AC7EA0	UNCONDITIONAL_CALL	1	RECORDED_ONLY
0x1829F2E	0x22E23F0	UNCONDITIONAL_CALL	1	RECORDED_ONLY
0x1829F4D	0x1720380	UNCONDITIONAL_CALL	1	QUEUED_OR_ALREADY_CAPTURED
0x1829F88	0x149F920	UNCONDITIONAL_CALL	1	QUEUED_OR_ALREADY_CAPTURED
0x1829FA8	0x843BF0	UNCONDITIONAL_CALL	1	RECORDED_ONLY
0x1829FE6	0x149ACE0	UNCONDITIONAL_CALL	1	QUEUED_OR_ALREADY_CAPTURED
0x182A002	0x14A72E0	UNCONDITIONAL_CALL	1	QUEUED_OR_ALREADY_CAPTURED
0x182A022	0x843BF0	UNCONDITIONAL_CALL	1	RECORDED_ONLY
0x182A097	0x171E150	UNCONDITIONAL_CALL	1	QUEUED_OR_ALREADY_CAPTURED
0x182A0A4	0x1878110	UNCONDITIONAL_CALL	1	QUEUED_OR_ALREADY_CAPTURED
0x182A0B1	0x2AC7EA0	UNCONDITIONAL_CALL	1	RECORDED_ONLY
0x182CEEE	0x1829DE0	CONDITIONAL_JUMP	1	QUEUED_OR_ALREADY_CAPTURED
0x1827839	0x2AC7EA0	UNCONDITIONAL_CALL	1	RECORDED_ONLY
0x182786A	0x1720410	UNCONDITIONAL_CALL	1	QUEUED_OR_ALREADY_CAPTURED
0x182789A	0x182A7A0	UNCONDITIONAL_CALL	1	QUEUED_OR_ALREADY_CAPTURED
0x18278A4	0x182AF10	UNCONDITIONAL_CALL	1	QUEUED_OR_ALREADY_CAPTURED
0x1827912	0x22E1CD0	UNCONDITIONAL_CALL	1	RECORDED_ONLY
0x182791E	0x1720380	UNCONDITIONAL_CALL	1	QUEUED_OR_ALREADY_CAPTURED
0x182792A	0x22EACA0	UNCONDITIONAL_CALL	1	RECORDED_ONLY
0x1827932	0x182A4B0	UNCONDITIONAL_CALL	1	QUEUED_OR_ALREADY_CAPTURED
0x1827963	0x2AC7EA0	UNCONDITIONAL_CALL	1	RECORDED_ONLY
0x18279A4	0x14A7620	UNCONDITIONAL_CALL	1	QUEUED_OR_ALREADY_CAPTURED
0x18279B1	0x2AC7EA0	UNCONDITIONAL_CALL	1	RECORDED_ONLY
0x182A0E2	0x22E23F0	UNCONDITIONAL_CALL	1	RECORDED_ONLY
0x182A133	0x22E1CD0	UNCONDITIONAL_CALL	1	RECORDED_ONLY
0x182A13B	0x1829CE0	UNCONDITIONAL_CALL	1	QUEUED_OR_ALREADY_CAPTURED
0x182A15E	0x171FBA0	UNCONDITIONAL_CALL	1	QUEUED_OR_ALREADY_CAPTURED
0x182A17B	0x22E1CD0	UNCONDITIONAL_CALL	1	RECORDED_ONLY
0x182A1B5	0x1720380	UNCONDITIONAL_CALL	1	QUEUED_OR_ALREADY_CAPTURED
0x182CF5E	0x182A0C0	CONDITIONAL_JUMP	1	QUEUED_OR_ALREADY_CAPTURED
0x171FBE8	0x171CFC0	UNCONDITIONAL_CALL	2	QUEUED_OR_ALREADY_CAPTURED
0x1829D33	0x171CFC0	UNCONDITIONAL_CALL	2	QUEUED_OR_ALREADY_CAPTURED
0x1829D68	0x171CFC0	UNCONDITIONAL_CALL	2	QUEUED_OR_ALREADY_CAPTURED
0x1829D89	0x171CFC0	UNCONDITIONAL_CALL	2	QUEUED_OR_ALREADY_CAPTURED
0x1829D91	0x171F250	UNCONDITIONAL_CALL	2	QUEUED_OR_ALREADY_CAPTURED
0x182A27D	0x22E23F0	UNCONDITIONAL_CALL	2	RECORDED_ONLY
0x182A2A4	0x149F920	UNCONDITIONAL_CALL	2	QUEUED_OR_ALREADY_CAPTURED
0x182A2BD	0x17207B0	UNCONDITIONAL_CALL	2	QUEUED_OR_ALREADY_CAPTURED
0x182A2D2	0x149F820	UNCONDITIONAL_CALL	2	QUEUED_OR_ALREADY_CAPTURED
0x182A2DF	0x2AC7EA0	UNCONDITIONAL_CALL	2	RECORDED_ONLY
0x182A2EF	0x149F570	UNCONDITIONAL_CALL	2	QUEUED_OR_ALREADY_CAPTURED
0x182A30F	0x843BF0	UNCONDITIONAL_CALL	2	RECORDED_ONLY
0x182A339	0x2AC7EA0	UNCONDITIONAL_CALL	2	RECORDED_ONLY
0x182A355	0x2AC7EA0	UNCONDITIONAL_CALL	2	RECORDED_ONLY
0x182A396	0x14A7620	UNCONDITIONAL_CALL	2	QUEUED_OR_ALREADY_CAPTURED
0x182A3A3	0x2AC7EA0	UNCONDITIONAL_CALL	2	RECORDED_ONLY
0x1529896	0xB6FC20	UNCONDITIONAL_CALL	2	QUEUED_OR_ALREADY_CAPTURED
0x15298B3	0xB7F60	UNCONDITIONAL_CALL	2	RECORDED_ONLY
0x15298F7	0x2AC7E78	UNCONDITIONAL_CALL	2	RECORDED_ONLY
0x152992C	0xF1820	UNCONDITIONAL_CALL	2	RECORDED_ONLY
0x152993F	0xA0D10	UNCONDITIONAL_CALL	2	RECORDED_ONLY
0x1529949	0xE1D70	UNCONDITIONAL_CALL	2	RECORDED_ONLY
0x1529BE1	0x2AC7E78	UNCONDITIONAL_CALL	2	RECORDED_ONLY
0x1529C19	0xF1820	UNCONDITIONAL_CALL	2	RECORDED_ONLY
0x1529C2C	0xA0D10	UNCONDITIONAL_CALL	2	RECORDED_ONLY
0x1529C36	0xE1D70	UNCONDITIONAL_CALL	2	RECORDED_ONLY
0x1529DC3	0x15845C0	UNCONDITIONAL_CALL	2	QUEUED_OR_ALREADY_CAPTURED
0x1529DE0	0x15845C0	UNCONDITIONAL_CALL	2	QUEUED_OR_ALREADY_CAPTURED
0x1529F32	0x2AC7E78	UNCONDITIONAL_CALL	2	RECORDED_ONLY
0x1529F6A	0xF1820	UNCONDITIONAL_CALL	2	RECORDED_ONLY
0x1529F7C	0xA0D10	UNCONDITIONAL_CALL	2	RECORDED_ONLY
0x1529F89	0xE1D70	UNCONDITIONAL_CALL	2	RECORDED_ONLY
0x17ABDE4	0x232B3D0	UNCONDITIONAL_CALL	2	RECORDED_ONLY
0x17ABE5F	0x27023A0	UNCONDITIONAL_CALL	2	RECORDED_ONLY
0x17ABE6D	0xA3940	UNCONDITIONAL_CALL	2	RECORDED_ONLY
0x17ABE76	0xA38A0	UNCONDITIONAL_CALL	2	RECORDED_ONLY
0x17ABE97	0x232B3D0	UNCONDITIONAL_CALL	2	RECORDED_ONLY
0x17ABEA7	0x1489DE0	UNCONDITIONAL_CALL	2	QUEUED_OR_ALREADY_CAPTURED
0x17ABF42	0x232B3D0	UNCONDITIONAL_CALL	2	RECORDED_ONLY
0x17ABF6E	0x27023A0	UNCONDITIONAL_CALL	2	RECORDED_ONLY
0x17ABFD3	0xB6FC20	UNCONDITIONAL_CALL	2	QUEUED_OR_ALREADY_CAPTURED
0x17AC016	0x17621E0	UNCONDITIONAL_CALL	2	QUEUED_OR_ALREADY_CAPTURED
0x17AC023	0x17B2890	UNCONDITIONAL_CALL	2	QUEUED_OR_ALREADY_CAPTURED
0x17AC144	0xE1AE0	COMPUTED_CALL	2	RECORDED_ONLY
0x17AC16A	0x232B3D0	UNCONDITIONAL_CALL	2	RECORDED_ONLY
0x17AC17A	0x68C850	UNCONDITIONAL_CALL	2	RECORDED_ONLY
0x17AC18D	0x232B3D0	UNCONDITIONAL_CALL	2	RECORDED_ONLY
0x17AC19C	0x68C850	UNCONDITIONAL_CALL	2	RECORDED_ONLY
0x17AC1AF	0x232B3D0	UNCONDITIONAL_CALL	2	RECORDED_ONLY
0x17AC1BF	0x1489DE0	UNCONDITIONAL_CALL	2	QUEUED_OR_ALREADY_CAPTURED
0x17AC273	0x17C0120	UNCONDITIONAL_CALL	2	QUEUED_OR_ALREADY_CAPTURED
0x17AC2B3	0x17C0120	UNCONDITIONAL_CALL	2	QUEUED_OR_ALREADY_CAPTURED
0x17AC2F6	0x17621E0	UNCONDITIONAL_CALL	2	QUEUED_OR_ALREADY_CAPTURED
0x17AC2FD	0x17B3B00	UNCONDITIONAL_CALL	2	QUEUED_OR_ALREADY_CAPTURED
0x17AC363	0x180EA50	UNCONDITIONAL_CALL	2	QUEUED_OR_ALREADY_CAPTURED
0x17AC398	0x67B0C0	UNCONDITIONAL_CALL	2	RECORDED_ONLY
0x17AC3CE	0x14858C0	UNCONDITIONAL_CALL	2	QUEUED_OR_ALREADY_CAPTURED
0x17AC3EB	0xA3940	UNCONDITIONAL_CALL	2	RECORDED_ONLY
0x17AC3FD	0xA3940	UNCONDITIONAL_CALL	2	RECORDED_ONLY
0x17AC40C	0x147A960	UNCONDITIONAL_CALL	2	QUEUED_OR_ALREADY_CAPTURED
0x17AC41E	0x147A960	UNCONDITIONAL_CALL	2	QUEUED_OR_ALREADY_CAPTURED
0x17AC430	0x147A960	UNCONDITIONAL_CALL	2	QUEUED_OR_ALREADY_CAPTURED
0x17AC442	0x147A960	UNCONDITIONAL_CALL	2	QUEUED_OR_ALREADY_CAPTURED
0x17AC450	0xA3940	UNCONDITIONAL_CALL	2	RECORDED_ONLY
0x17AC459	0xA38A0	UNCONDITIONAL_CALL	2	RECORDED_ONLY
0x17AC462	0xA38A0	UNCONDITIONAL_CALL	2	RECORDED_ONLY
0x17AC46C	0xA38A0	UNCONDITIONAL_CALL	2	RECORDED_ONLY
0x17AC475	0xA38A0	UNCONDITIONAL_CALL	2	RECORDED_ONLY
0x17AC47E	0xA38A0	UNCONDITIONAL_CALL	2	RECORDED_ONLY
0x17AC487	0xA38A0	UNCONDITIONAL_CALL	2	RECORDED_ONLY
0x17AC4AA	0x27023A0	UNCONDITIONAL_CALL	2	RECORDED_ONLY
0x17AC4DE	0xA3CA0	UNCONDITIONAL_CALL	2	RECORDED_ONLY
0x17AC4FD	0x2ACA3B4	UNCONDITIONAL_CALL	2	RECORDED_ONLY
0x17AC513	0xA38A0	UNCONDITIONAL_CALL	2	RECORDED_ONLY
0x17AC562	0x843BF0	UNCONDITIONAL_CALL	2	RECORDED_ONLY
0x17AC585	0x180BBC0	UNCONDITIONAL_CALL	2	QUEUED_OR_ALREADY_CAPTURED
0x17AC5A6	0x180EA50	UNCONDITIONAL_CALL	2	QUEUED_OR_ALREADY_CAPTURED
0x17AC5C8	0x232B3D0	UNCONDITIONAL_CALL	2	RECORDED_ONLY
0x17AC5D7	0x68C850	UNCONDITIONAL_CALL	2	RECORDED_ONLY
0x17AC5F0	0x232B3D0	UNCONDITIONAL_CALL	2	RECORDED_ONLY
0x17AC5FE	0x67DA30	UNCONDITIONAL_CALL	2	RECORDED_ONLY
0x17AC609	0x232B3D0	UNCONDITIONAL_CALL	2	RECORDED_ONLY
0x17AC618	0x68C850	UNCONDITIONAL_CALL	2	RECORDED_ONLY
0x17AC6AE	0xE1AE0	COMPUTED_CALL	2	RECORDED_ONLY
0x17AC6FC	0x232B810	UNCONDITIONAL_CALL	2	RECORDED_ONLY
0x17AC72D	0x232B3D0	UNCONDITIONAL_CALL	2	RECORDED_ONLY
0x17AC73B	0x180EB90	UNCONDITIONAL_CALL	2	QUEUED_OR_ALREADY_CAPTURED
0x17AC7D0	0xE1AE0	COMPUTED_CALL	2	RECORDED_ONLY
0xB6F9EA	0xB7E840	UNCONDITIONAL_CALL	2	QUEUED_OR_ALREADY_CAPTURED
0xB6F9F5	0x2ADA50	UNCONDITIONAL_CALL	2	RECORDED_ONLY
0xB6FA6C	0xB7E840	UNCONDITIONAL_CALL	2	QUEUED_OR_ALREADY_CAPTURED
0xB6FB3E	0x2AC7E78	UNCONDITIONAL_CALL	2	RECORDED_ONLY
0xB6FB76	0xF1820	UNCONDITIONAL_CALL	2	RECORDED_ONLY
0xB6FB8C	0xA0D10	UNCONDITIONAL_CALL	2	RECORDED_ONLY
0xB6FB96	0xE1D70	UNCONDITIONAL_CALL	2	RECORDED_ONLY
0x14A34E1	0x843BF0	UNCONDITIONAL_CALL	2	RECORDED_ONLY
0x14A351B	0x17BFE10	UNCONDITIONAL_CALL	2	QUEUED_OR_ALREADY_CAPTURED
0x14A3523	0x17C0090	UNCONDITIONAL_CALL	2	QUEUED_OR_ALREADY_CAPTURED
0x14A354E	0xB6FC20	UNCONDITIONAL_CALL	2	QUEUED_OR_ALREADY_CAPTURED
0x14A3592	0x2180D0	UNCONDITIONAL_CALL	2	RECORDED_ONLY
0x151E7C4	0x232B3D0	UNCONDITIONAL_CALL	2	RECORDED_ONLY
0x151E7D4	0x68C850	UNCONDITIONAL_CALL	2	RECORDED_ONLY
0x151E7EE	0x232B3D0	UNCONDITIONAL_CALL	2	RECORDED_ONLY
0x151E816	0xB6FC20	UNCONDITIONAL_CALL	2	QUEUED_OR_ALREADY_CAPTURED
0x151E850	0xBE8C90	UNCONDITIONAL_CALL	2	QUEUED_OR_ALREADY_CAPTURED
0x151E874	0xBE95C0	UNCONDITIONAL_CALL	2	QUEUED_OR_ALREADY_CAPTURED
0x151E899	0x109D80	UNCONDITIONAL_CALL	2	RECORDED_ONLY
0x151E8AE	0xBE95C0	UNCONDITIONAL_CALL	2	QUEUED_OR_ALREADY_CAPTURED
0x151E8D1	0x109D80	UNCONDITIONAL_CALL	2	RECORDED_ONLY
0x151E91D	0x232B3D0	UNCONDITIONAL_CALL	2	RECORDED_ONLY
0x151E92D	0x68C850	UNCONDITIONAL_CALL	2	RECORDED_ONLY
0x151E950	0x2166C0	UNCONDITIONAL_CALL	2	RECORDED_ONLY
0x151E9BE	0xE1AE0	COMPUTED_CALL	2	RECORDED_ONLY
0x151E9E0	0x17F050	UNCONDITIONAL_CALL	2	RECORDED_ONLY
0x151EA50	0xE1AE0	COMPUTED_CALL	2	RECORDED_ONLY
0x151EA6E	0x17F050	UNCONDITIONAL_CALL	2	RECORDED_ONLY
0x151EADE	0xE1AE0	COMPUTED_CALL	2	RECORDED_ONLY
0x151EB77	0x2AC7E78	UNCONDITIONAL_CALL	2	RECORDED_ONLY
0x151EBAF	0xF1820	UNCONDITIONAL_CALL	2	RECORDED_ONLY
0x151EBC3	0xA0D10	UNCONDITIONAL_CALL	2	RECORDED_ONLY
0x151EBCF	0xE1D70	UNCONDITIONAL_CALL	2	RECORDED_ONLY
0x151EC21	0xAE270	UNCONDITIONAL_CALL	2	RECORDED_ONLY
0x151EC9C	0xBE8C90	UNCONDITIONAL_CALL	2	QUEUED_OR_ALREADY_CAPTURED
0x151ECC0	0xBE95C0	UNCONDITIONAL_CALL	2	QUEUED_OR_ALREADY_CAPTURED
0x151ECE5	0x109D80	UNCONDITIONAL_CALL	2	RECORDED_ONLY
0x151ECFA	0xBE95C0	UNCONDITIONAL_CALL	2	QUEUED_OR_ALREADY_CAPTURED
0x151ED64	0x109D80	UNCONDITIONAL_CALL	2	RECORDED_ONLY
0x151ED92	0xDDE50	UNCONDITIONAL_CALL	2	RECORDED_ONLY
0x151EDBB	0xBE8C90	UNCONDITIONAL_CALL	2	QUEUED_OR_ALREADY_CAPTURED
0x151EDCF	0xBE7D90	UNCONDITIONAL_CALL	2	QUEUED_OR_ALREADY_CAPTURED
0x151EDFB	0x109D80	UNCONDITIONAL_CALL	2	RECORDED_ONLY
0x151EE0F	0x109D80	UNCONDITIONAL_CALL	2	RECORDED_ONLY
0x151EE56	0x109D80	UNCONDITIONAL_CALL	2	RECORDED_ONLY
0x151EEB5	0xA42C0	UNCONDITIONAL_CALL	2	RECORDED_ONLY
0x151EF35	0x232B3D0	UNCONDITIONAL_CALL	2	RECORDED_ONLY
0x151EF61	0x68C7B0	UNCONDITIONAL_CALL	2	RECORDED_ONLY
0x151EF6F	0x67D930	UNCONDITIONAL_CALL	2	RECORDED_ONLY
0x151EF84	0x110BB0	UNCONDITIONAL_CALL	2	RECORDED_ONLY
0x151F01B	0xE1AE0	COMPUTED_CALL	2	RECORDED_ONLY
0x151F039	0xA42C0	UNCONDITIONAL_CALL	2	RECORDED_ONLY
0x151F0C8	0x232B3D0	UNCONDITIONAL_CALL	2	RECORDED_ONLY
0x151F0F5	0x68C7B0	UNCONDITIONAL_CALL	2	RECORDED_ONLY
0x151F104	0x67D930	UNCONDITIONAL_CALL	2	RECORDED_ONLY
0x151F119	0x110BB0	UNCONDITIONAL_CALL	2	RECORDED_ONLY
0x151F1B0	0xE1AE0	COMPUTED_CALL	2	RECORDED_ONLY
0x151F1BE	0x1484C00	UNCONDITIONAL_CALL	2	QUEUED_OR_ALREADY_CAPTURED
0x151F1DE	0xA42C0	UNCONDITIONAL_CALL	2	RECORDED_ONLY
0x151F264	0x232B3D0	UNCONDITIONAL_CALL	2	RECORDED_ONLY
0x151F272	0x1489DE0	UNCONDITIONAL_CALL	2	QUEUED_OR_ALREADY_CAPTURED
0x151F302	0xE1AE0	COMPUTED_CALL	2	RECORDED_ONLY
0x151F393	0xE1AE0	COMPUTED_CALL	2	RECORDED_ONLY
0x151F425	0xE1AE0	COMPUTED_CALL	2	RECORDED_ONLY
0x151F497	0xE1AE0	COMPUTED_CALL	2	RECORDED_ONLY
0x151F505	0xE1AE0	COMPUTED_CALL	2	RECORDED_ONLY
0x151F50F	0x2180D0	UNCONDITIONAL_CALL	2	RECORDED_ONLY
0x151F52A	0x2180D0	UNCONDITIONAL_CALL	2	RECORDED_ONLY
0x151F535	0x2180D0	UNCONDITIONAL_CALL	2	RECORDED_ONLY
0x151F542	0x109D80	UNCONDITIONAL_CALL	2	RECORDED_ONLY
0x171C12E	0xC21EA0	UNCONDITIONAL_CALL	2	QUEUED_OR_ALREADY_CAPTURED
0x171C252	0x17279F0	UNCONDITIONAL_CALL	2	QUEUED_OR_ALREADY_CAPTURED
0x187813B	0x14A0370	UNCONDITIONAL_CALL	2	QUEUED_OR_ALREADY_CAPTURED
0x1767691	0x2ADEB0	UNCONDITIONAL_CALL	2	RECORDED_ONLY
0x17676BC	0x17621E0	UNCONDITIONAL_CALL	2	QUEUED_OR_ALREADY_CAPTURED
0x176770E	0xB6FC20	UNCONDITIONAL_CALL	2	QUEUED_OR_ALREADY_CAPTURED
0x1767763	0x176A650	UNCONDITIONAL_CALL	2	QUEUED_OR_ALREADY_CAPTURED
0x17677A6	0x2AC7E78	UNCONDITIONAL_CALL	2	RECORDED_ONLY
0x17677DE	0xF1820	UNCONDITIONAL_CALL	2	RECORDED_ONLY
0x17677F0	0xA0D10	UNCONDITIONAL_CALL	2	RECORDED_ONLY
0x17677FA	0xE1D70	UNCONDITIONAL_CALL	2	RECORDED_ONLY
0x176787C	0x17B2890	UNCONDITIONAL_CALL	2	QUEUED_OR_ALREADY_CAPTURED
0x17678D6	0x2AC7E78	UNCONDITIONAL_CALL	2	RECORDED_ONLY
0x176790E	0xF1820	UNCONDITIONAL_CALL	2	RECORDED_ONLY
0x1767925	0xA0D10	UNCONDITIONAL_CALL	2	RECORDED_ONLY
0x176792F	0xE1D70	UNCONDITIONAL_CALL	2	RECORDED_ONLY
0x17679C6	0x17B2600	UNCONDITIONAL_CALL	2	QUEUED_OR_ALREADY_CAPTURED
0x17679F4	0x2180D0	UNCONDITIONAL_CALL	2	RECORDED_ONLY
0x14A768B	0x14A7DC0	UNCONDITIONAL_CALL	2	QUEUED_OR_ALREADY_CAPTURED
0x14A770B	0x14A82A0	UNCONDITIONAL_CALL	2	QUEUED_OR_ALREADY_CAPTURED
0x14A7718	0x14A6DA0	UNCONDITIONAL_CALL	2	QUEUED_OR_ALREADY_CAPTURED
0x14A772D	0x14A7DC0	UNCONDITIONAL_CALL	2	QUEUED_OR_ALREADY_CAPTURED
0x14A778A	0x14A6840	UNCONDITIONAL_CALL	2	QUEUED_OR_ALREADY_CAPTURED
0x14A779D	0x2AC7EA0	UNCONDITIONAL_CALL	2	RECORDED_ONLY
0x171DF32	0x147EC50	UNCONDITIONAL_CALL	2	QUEUED_OR_ALREADY_CAPTURED
0x171DFE0	0x11E97C0	UNCONDITIONAL_CALL	2	RECORDED_ONLY
0x171E06E	0x171CC50	UNCONDITIONAL_CALL	2	QUEUED_OR_ALREADY_CAPTURED
0x171E0A2	0xAD6050	UNCONDITIONAL_CALL	2	RECORDED_ONLY
0x171E0BB	0x171BEB0	UNCONDITIONAL_CALL	2	QUEUED_OR_ALREADY_CAPTURED
0x171E0C7	0x171BE70	UNCONDITIONAL_CALL	2	QUEUED_OR_ALREADY_CAPTURED
0x1734BB0	0x182510	UNCONDITIONAL_CALL	2	RECORDED_ONLY
0x1734BE8	0x182510	UNCONDITIONAL_CALL	2	RECORDED_ONLY
0x17202CD	0x171CF70	UNCONDITIONAL_CALL	2	QUEUED_OR_ALREADY_CAPTURED
0x171CF8A	0x171CFC0	UNCONDITIONAL_CALL	2	QUEUED_OR_ALREADY_CAPTURED
0x171CFAB	0x171CFC0	UNCONDITIONAL_CALL	2	QUEUED_OR_ALREADY_CAPTURED
0x171CFB8	0x171F250	CALL_TERMINATOR	2	QUEUED_OR_ALREADY_CAPTURED
0x171FDB9	0xBA2B0	UNCONDITIONAL_CALL	2	RECORDED_ONLY
0x171FDCB	0x171FEA0	UNCONDITIONAL_CALL	2	QUEUED_OR_ALREADY_CAPTURED
0x171E6A4	0xD7D160	UNCONDITIONAL_CALL	2	RECORDED_ONLY
0x171E6CD	0xD7D230	UNCONDITIONAL_CALL	2	RECORDED_ONLY
0x171E710	0xE9D6F0	UNCONDITIONAL_CALL	2	RECORDED_ONLY
0x171E72E	0xAD5E40	UNCONDITIONAL_CALL	2	RECORDED_ONLY
0x171E757	0xAD5C10	UNCONDITIONAL_CALL	2	RECORDED_ONLY
0x171E78C	0x171E800	CALL_TERMINATOR	2	QUEUED_OR_ALREADY_CAPTURED
0x17203D6	0x171FDF0	UNCONDITIONAL_CALL	2	QUEUED_OR_ALREADY_CAPTURED
0x17203F4	0x171FEA0	UNCONDITIONAL_CALL	2	QUEUED_OR_ALREADY_CAPTURED
0x149F993	0x149F9B0	UNCONDITIONAL_CALL	2	QUEUED_OR_ALREADY_CAPTURED
0x149F9A0	0x2AC7EA0	UNCONDITIONAL_CALL	2	RECORDED_ONLY
0x182C1BA	0x22E2350	UNCONDITIONAL_CALL	2	RECORDED_ONLY
0x182C224	0x22E1CD0	UNCONDITIONAL_CALL	2	RECORDED_ONLY
0x182C2A6	0x171CFC0	UNCONDITIONAL_CALL	2	QUEUED_OR_ALREADY_CAPTURED
0xBE91B8	0xB29E30	UNCONDITIONAL_CALL	2	QUEUED_OR_ALREADY_CAPTURED
0xBE91C9	0xB29C30	CALL_TERMINATOR	2	QUEUED_OR_ALREADY_CAPTURED
0xBE91FB	0x182510	CALL_TERMINATOR	2	RECORDED_ONLY
0x17204C3	0xE1AE0	COMPUTED_CALL	2	RECORDED_ONLY
0x17204EB	0x171CFC0	UNCONDITIONAL_CALL	2	QUEUED_OR_ALREADY_CAPTURED
0x172050C	0x171CFC0	UNCONDITIONAL_CALL	2	QUEUED_OR_ALREADY_CAPTURED
0x1720514	0x171F250	UNCONDITIONAL_CALL	2	QUEUED_OR_ALREADY_CAPTURED
0x1720553	0x171FEA0	CALL_TERMINATOR	2	QUEUED_OR_ALREADY_CAPTURED
0x182A7CF	0x22E7D00	UNCONDITIONAL_CALL	2	RECORDED_ONLY
0x182A819	0x22E7D00	UNCONDITIONAL_CALL	2	RECORDED_ONLY
0x182A835	0x23079D0	UNCONDITIONAL_CALL	2	RECORDED_ONLY
0xB7080F	EXTERNAL:EXTERNAL:0000003b	COMPUTED_CALL	2	RECORDED_ONLY
0xB7081C	EXTERNAL:EXTERNAL:00000040	COMPUTED_CALL	2	RECORDED_ONLY
0xB70827	0xB709B0	UNCONDITIONAL_CALL	2	QUEUED_OR_ALREADY_CAPTURED
0xB708D8	0xBE91A0	UNCONDITIONAL_CALL	2	QUEUED_OR_ALREADY_CAPTURED
0xB7090A	0xB70380	UNCONDITIONAL_CALL	2	QUEUED_OR_ALREADY_CAPTURED
0xB7093E	0xB80850	UNCONDITIONAL_CALL	2	QUEUED_OR_ALREADY_CAPTURED
0xB70952	0xB70430	UNCONDITIONAL_CALL	2	QUEUED_OR_ALREADY_CAPTURED
0xB7097E	EXTERNAL:EXTERNAL:00000041	COMPUTED_JUMP	2	RECORDED_ONLY
0x182AF37	0x22E1CD0	UNCONDITIONAL_CALL	2	RECORDED_ONLY
0x182AF54	0x22E1CD0	UNCONDITIONAL_CALL	2	RECORDED_ONLY
0x182A518	0x171CB80	UNCONDITIONAL_CALL	2	QUEUED_OR_ALREADY_CAPTURED
0x14A7309	0x149F740	UNCONDITIONAL_CALL	2	QUEUED_OR_ALREADY_CAPTURED
0x14A7311	0x14A5B70	UNCONDITIONAL_CALL	2	QUEUED_OR_ALREADY_CAPTURED
0x14A73BA	0x14A82A0	UNCONDITIONAL_CALL	2	QUEUED_OR_ALREADY_CAPTURED
0x14A73C5	0x14A6BF0	UNCONDITIONAL_CALL	2	QUEUED_OR_ALREADY_CAPTURED
0x14A73D5	0x14A6CC0	UNCONDITIONAL_CALL	2	QUEUED_OR_ALREADY_CAPTURED
0x14A7470	0x14A7C70	UNCONDITIONAL_CALL	2	QUEUED_OR_ALREADY_CAPTURED
0x14A747F	0x2AC7EA0	UNCONDITIONAL_CALL	2	RECORDED_ONLY
0x149FFBE	0x1C2240	UNCONDITIONAL_CALL	2	RECORDED_ONLY
0x149FFE5	0x9C4130	UNCONDITIONAL_CALL	2	RECORDED_ONLY
0x14A0023	0x9C6290	UNCONDITIONAL_CALL	2	RECORDED_ONLY
0x14A004F	0x1C2240	UNCONDITIONAL_CALL	2	RECORDED_ONLY
0x14A0076	0x9C4130	UNCONDITIONAL_CALL	2	RECORDED_ONLY
0x14A00B3	0x9C6290	UNCONDITIONAL_CALL	2	RECORDED_ONLY
0xB6FC5B	0xB7E840	UNCONDITIONAL_CALL	2	QUEUED_OR_ALREADY_CAPTURED
0xB6FCDE	0xB29E30	UNCONDITIONAL_CALL	2	QUEUED_OR_ALREADY_CAPTURED
0xB6FCEF	0xB29C30	UNCONDITIONAL_CALL	2	QUEUED_OR_ALREADY_CAPTURED
0xB6FD25	0x182510	UNCONDITIONAL_CALL	2	RECORDED_ONLY
0xB6FD6D	0xB6B80	UNCONDITIONAL_CALL	2	RECORDED_ONLY
0xB6FD7D	0xB6AD0	UNCONDITIONAL_CALL	2	RECORDED_ONLY
0xB6FE2E	0x2ADA50	UNCONDITIONAL_CALL	2	RECORDED_ONLY
0xB6FE44	0xB7E950	UNCONDITIONAL_CALL	2	QUEUED_OR_ALREADY_CAPTURED
0xB6FEA8	0x2AC7E78	UNCONDITIONAL_CALL	2	RECORDED_ONLY
0xB6FECF	0x2AC7E78	CALL_TERMINATOR	2	RECORDED_ONLY
0xB6E337	0xB7E840	UNCONDITIONAL_CALL	2	QUEUED_OR_ALREADY_CAPTURED
0xB6E34C	0xB7E840	UNCONDITIONAL_CALL	2	QUEUED_OR_ALREADY_CAPTURED
0xB6E35D	0xB7E840	UNCONDITIONAL_CALL	2	QUEUED_OR_ALREADY_CAPTURED
0xB6E373	0xB7E840	UNCONDITIONAL_CALL	2	QUEUED_OR_ALREADY_CAPTURED
0xB6E388	0xB7E840	UNCONDITIONAL_CALL	2	QUEUED_OR_ALREADY_CAPTURED
0xB6E3E9	0xBE91A0	UNCONDITIONAL_CALL	2	QUEUED_OR_ALREADY_CAPTURED
0xB6E455	0x2AC7E78	UNCONDITIONAL_CALL	2	RECORDED_ONLY
0xB6E48D	0xF1820	UNCONDITIONAL_CALL	2	RECORDED_ONLY
0xB6E4A4	0xA0D10	UNCONDITIONAL_CALL	2	RECORDED_ONLY
0xB6E4AE	0xE1D70	UNCONDITIONAL_CALL	2	RECORDED_ONLY
0xB6E532	0xB7E6F0	UNCONDITIONAL_CALL	2	QUEUED_OR_ALREADY_CAPTURED
0xB6E557	0xB70A90	UNCONDITIONAL_CALL	2	QUEUED_OR_ALREADY_CAPTURED
0xB6E577	0xB7E6F0	UNCONDITIONAL_CALL	2	QUEUED_OR_ALREADY_CAPTURED
0xB6E5BE	0xB80850	UNCONDITIONAL_CALL	2	QUEUED_OR_ALREADY_CAPTURED
0xB6E651	0x9663D0	UNCONDITIONAL_CALL	2	RECORDED_ONLY
0xB6E719	0xE1AE0	COMPUTED_CALL	2	RECORDED_ONLY
0xB6E79B	0xB5E70	UNCONDITIONAL_CALL	2	RECORDED_ONLY
0xB6E7F9	0xB53A0	UNCONDITIONAL_CALL	2	RECORDED_ONLY
0x171FE68	0x2ACA3BA	UNCONDITIONAL_CALL	2	RECORDED_ONLY
0x171FE77	0xBA4F0	UNCONDITIONAL_CALL	2	RECORDED_ONLY
0x171FE81	0x171FEA0	UNCONDITIONAL_CALL	2	QUEUED_OR_ALREADY_CAPTURED
0x714C2C	0x2653420	UNCONDITIONAL_CALL	2	RECORDED_ONLY
0x714C46	0x2653420	UNCONDITIONAL_CALL	2	RECORDED_ONLY
0x714CD6	0x2653420	UNCONDITIONAL_CALL	2	RECORDED_ONLY
0x714DC6	0x2653420	UNCONDITIONAL_CALL	2	RECORDED_ONLY
0x714EC8	0x2653420	UNCONDITIONAL_CALL	2	RECORDED_ONLY
0x714EDB	0x256970	UNCONDITIONAL_CALL	2	RECORDED_ONLY
0x714F9B	0x7511E0	UNCONDITIONAL_CALL	2	RECORDED_ONLY
0x714FB3	0x26533B0	UNCONDITIONAL_CALL	2	RECORDED_ONLY
0x714FDE	0xB29160	UNCONDITIONAL_CALL	2	QUEUED_OR_ALREADY_CAPTURED
0x714FF0	0xC6CB60	UNCONDITIONAL_CALL	2	RECORDED_ONLY
0x715002	0xB69CA0	UNCONDITIONAL_CALL	2	QUEUED_OR_ALREADY_CAPTURED
0x715022	0x2653420	UNCONDITIONAL_CALL	2	RECORDED_ONLY
0x71502C	0x2652B10	UNCONDITIONAL_CALL	2	RECORDED_ONLY
0x715037	0x2652B10	UNCONDITIONAL_CALL	2	RECORDED_ONLY
0x7150A1	0x2653420	UNCONDITIONAL_CALL	2	RECORDED_ONLY
0x7150B3	0xC48EE0	UNCONDITIONAL_CALL	2	RECORDED_ONLY
0x7150C5	0xC3D640	UNCONDITIONAL_CALL	2	QUEUED_OR_ALREADY_CAPTURED
0x7150D7	0xC3B480	UNCONDITIONAL_CALL	2	QUEUED_OR_ALREADY_CAPTURED
0x7150E9	0xC3FDC0	UNCONDITIONAL_CALL	2	QUEUED_OR_ALREADY_CAPTURED
0x71510C	0x2653420	UNCONDITIONAL_CALL	2	RECORDED_ONLY
0x715118	EXTERNAL:EXTERNAL:00000040	COMPUTED_CALL	2	RECORDED_ONLY
0x71514D	EXTERNAL:EXTERNAL:00000041	COMPUTED_CALL	2	RECORDED_ONLY
0x715196	0x2653420	UNCONDITIONAL_CALL	2	RECORDED_ONLY
0x7151A8	0x139FD10	UNCONDITIONAL_CALL	2	RECORDED_ONLY
0x7151B0	0xB63F20	UNCONDITIONAL_CALL	2	QUEUED_OR_ALREADY_CAPTURED
0x7151C2	0x1EF93E0	UNCONDITIONAL_CALL	2	RECORDED_ONLY
0x7151D4	0x18A01C0	UNCONDITIONAL_CALL	2	QUEUED_OR_ALREADY_CAPTURED
0x7151F4	0x2653420	UNCONDITIONAL_CALL	2	RECORDED_ONLY
0x715201	0x2652B10	UNCONDITIONAL_CALL	2	RECORDED_ONLY
0x715217	EXTERNAL:EXTERNAL:00000046	COMPUTED_CALL	2	RECORDED_ONLY
0x715224	EXTERNAL:EXTERNAL:0000003e	COMPUTED_CALL	2	RECORDED_ONLY
0x715230	0x1E10E70	UNCONDITIONAL_CALL	2	RECORDED_ONLY
0x71523D	EXTERNAL:EXTERNAL:0000003f	COMPUTED_CALL	2	RECORDED_ONLY
0x715286	0x2653420	UNCONDITIONAL_CALL	2	RECORDED_ONLY
0x71529A	0x11E0B10	UNCONDITIONAL_CALL	2	RECORDED_ONLY
0x7152AC	0x3A2950	UNCONDITIONAL_CALL	2	RECORDED_ONLY
0x7152BE	0x1ED1020	UNCONDITIONAL_CALL	2	RECORDED_ONLY
0x7152D0	0xC00390	UNCONDITIONAL_CALL	2	QUEUED_OR_ALREADY_CAPTURED
0x7152E2	0x125BEE0	UNCONDITIONAL_CALL	2	RECORDED_ONLY
0x715305	0x2653420	UNCONDITIONAL_CALL	2	RECORDED_ONLY
0x715310	0x2652B10	UNCONDITIONAL_CALL	2	RECORDED_ONLY
0x715320	0x2652B10	UNCONDITIONAL_CALL	2	RECORDED_ONLY
0x715327	0xB6AD0	UNCONDITIONAL_CALL	2	RECORDED_ONLY
0x7153C1	0x2AC7E78	UNCONDITIONAL_CALL	2	RECORDED_ONLY
0x7153D6	0x2AC7E78	UNCONDITIONAL_CALL	2	RECORDED_ONLY
0x71541E	0x2653420	UNCONDITIONAL_CALL	2	RECORDED_ONLY
0x715434	0xB33990	UNCONDITIONAL_CALL	2	QUEUED_OR_ALREADY_CAPTURED
0x715455	0x2653420	UNCONDITIONAL_CALL	2	RECORDED_ONLY
0x715460	0x2652B10	UNCONDITIONAL_CALL	2	RECORDED_ONLY
0x71548A	0x2653190	UNCONDITIONAL_CALL	2	RECORDED_ONLY
0x7154AC	0x2652B10	UNCONDITIONAL_CALL	2	RECORDED_ONLY
0x71552B	0x2653420	UNCONDITIONAL_CALL	2	RECORDED_ONLY
0x71553D	0xC08FA0	UNCONDITIONAL_CALL	2	QUEUED_OR_ALREADY_CAPTURED
0x71554F	0x1D157A0	UNCONDITIONAL_CALL	2	RECORDED_ONLY
0x715561	0xB623A0	UNCONDITIONAL_CALL	2	QUEUED_OR_ALREADY_CAPTURED
0x715573	0x12A0B40	UNCONDITIONAL_CALL	2	RECORDED_ONLY
0x715587	0x1DEF4E0	UNCONDITIONAL_CALL	2	RECORDED_ONLY
0x71559E	0xC73570	UNCONDITIONAL_CALL	2	RECORDED_ONLY
0x7155B0	0xBDFBC0	UNCONDITIONAL_CALL	2	QUEUED_OR_ALREADY_CAPTURED
0x7155C2	0xC1ED10	UNCONDITIONAL_CALL	2	QUEUED_OR_ALREADY_CAPTURED
0x7155DD	0xB89140	UNCONDITIONAL_CALL	2	QUEUED_OR_ALREADY_CAPTURED
0x7155F3	0x2653420	UNCONDITIONAL_CALL	2	RECORDED_ONLY
0x715603	0x2652B10	UNCONDITIONAL_CALL	2	RECORDED_ONLY
0x7156AC	0x2653420	UNCONDITIONAL_CALL	2	RECORDED_ONLY
0x7156CC	0x2653420	UNCONDITIONAL_CALL	2	RECORDED_ONLY
0x7156D6	0x2652B10	UNCONDITIONAL_CALL	2	RECORDED_ONLY
0x7156E4	0x2652B10	UNCONDITIONAL_CALL	2	RECORDED_ONLY
0x715791	0x2653420	UNCONDITIONAL_CALL	2	RECORDED_ONLY
0x7157A8	0xC34DD0	UNCONDITIONAL_CALL	2	QUEUED_OR_ALREADY_CAPTURED
0x7157BA	0x1EB5130	UNCONDITIONAL_CALL	2	RECORDED_ONLY
0x7157CC	0x1DEAA90	UNCONDITIONAL_CALL	2	RECORDED_ONLY
0x7157F0	0x2653420	UNCONDITIONAL_CALL	2	RECORDED_ONLY
0x7158D2	0x2653420	UNCONDITIONAL_CALL	2	RECORDED_ONLY
0x7158E4	0xBD42F0	UNCONDITIONAL_CALL	2	QUEUED_OR_ALREADY_CAPTURED
0x7158F6	0xC7C020	UNCONDITIONAL_CALL	2	RECORDED_ONLY
0x715908	0x1E6D940	UNCONDITIONAL_CALL	2	RECORDED_ONLY
0x715922	0x2653420	UNCONDITIONAL_CALL	2	RECORDED_ONLY
0x715932	EXTERNAL:EXTERNAL:00000046	COMPUTED_CALL	2	RECORDED_ONLY
0x71593F	EXTERNAL:EXTERNAL:0000003e	COMPUTED_CALL	2	RECORDED_ONLY
0x715954	EXTERNAL:EXTERNAL:0000003f	COMPUTED_CALL	2	RECORDED_ONLY
0x715A12	0x2653420	UNCONDITIONAL_CALL	2	RECORDED_ONLY
0x715A35	0x2653420	UNCONDITIONAL_CALL	2	RECORDED_ONLY
0x715A3D	0xC13850	UNCONDITIONAL_CALL	2	QUEUED_OR_ALREADY_CAPTURED
0x715AE6	0x2653420	UNCONDITIONAL_CALL	2	RECORDED_ONLY
0x715AF8	0xB77BD0	UNCONDITIONAL_CALL	2	QUEUED_OR_ALREADY_CAPTURED
0x715B00	0xAFF2F0	UNCONDITIONAL_CALL	2	RECORDED_ONLY
0x715B12	0x499CE0	UNCONDITIONAL_CALL	2	RECORDED_ONLY
0x715B35	0x2653420	UNCONDITIONAL_CALL	2	RECORDED_ONLY
0x715B42	0x26533B0	UNCONDITIONAL_CALL	2	RECORDED_ONLY
0x715BB3	0x26533B0	UNCONDITIONAL_CALL	2	RECORDED_ONLY
0x715BFB	0x2653420	UNCONDITIONAL_CALL	2	RECORDED_ONLY
0x715C1E	0x2653420	UNCONDITIONAL_CALL	2	RECORDED_ONLY
0x715C9A	0x2653420	UNCONDITIONAL_CALL	2	RECORDED_ONLY
0x715CAC	0xBBB4D0	UNCONDITIONAL_CALL	2	QUEUED_OR_ALREADY_CAPTURED
0x715CCF	0x2653420	UNCONDITIONAL_CALL	2	RECORDED_ONLY
0x715CF7	0x2652B10	UNCONDITIONAL_CALL	2	RECORDED_ONLY
0x715D6B	0x2653420	UNCONDITIONAL_CALL	2	RECORDED_ONLY
0x715D7D	0xB139C0	UNCONDITIONAL_CALL	2	RECORDED_ONLY
0x715D9C	0x2653420	UNCONDITIONAL_CALL	2	RECORDED_ONLY
0x715DFE	0x2653420	UNCONDITIONAL_CALL	2	RECORDED_ONLY
0x715E1D	0x2653420	UNCONDITIONAL_CALL	2	RECORDED_ONLY
0x715E82	0x2653420	UNCONDITIONAL_CALL	2	RECORDED_ONLY
0x715E9D	EXTERNAL:EXTERNAL:00000045	COMPUTED_CALL	2	RECORDED_ONLY
0x715EAA	EXTERNAL:EXTERNAL:00000042	COMPUTED_CALL	2	RECORDED_ONLY
0x715EBF	EXTERNAL:EXTERNAL:00000038	COMPUTED_CALL	2	RECORDED_ONLY
0x715F1E	0x2653420	UNCONDITIONAL_CALL	2	RECORDED_ONLY
0x715F2A	0x2AC7EA0	UNCONDITIONAL_CALL	2	RECORDED_ONLY
0xB6F110	0x186AB0	UNCONDITIONAL_CALL	2	RECORDED_ONLY
0xB6F128	0x2655860	UNCONDITIONAL_CALL	2	RECORDED_ONLY
0xB6F133	0x2655CF0	UNCONDITIONAL_CALL	2	RECORDED_ONLY
0xB6F186	0x186AB0	UNCONDITIONAL_CALL	2	RECORDED_ONLY
0xB6F1C7	0xB6F6C0	UNCONDITIONAL_CALL	2	QUEUED_OR_ALREADY_CAPTURED
0xB6F1F0	0x2655010	UNCONDITIONAL_CALL	2	RECORDED_ONLY
0xB6F1FC	0x2655010	UNCONDITIONAL_CALL	2	RECORDED_ONLY
0xB6F269	0x1C1A40	UNCONDITIONAL_CALL	2	RECORDED_ONLY
0xB6F2C7	0x1C2930	UNCONDITIONAL_CALL	2	RECORDED_ONLY
0xB6F2F6	0xB7E840	UNCONDITIONAL_CALL	2	QUEUED_OR_ALREADY_CAPTURED
0xB6F318	0xB7E840	UNCONDITIONAL_CALL	2	QUEUED_OR_ALREADY_CAPTURED
0xB6F32C	0xB6AD0	UNCONDITIONAL_CALL	2	RECORDED_ONLY
0xB6F341	0x2654F80	UNCONDITIONAL_CALL	2	RECORDED_ONLY
0xB6F3EB	0x1C2240	UNCONDITIONAL_CALL	2	RECORDED_ONLY
0xB6F4EB	0x2AC7E78	UNCONDITIONAL_CALL	2	RECORDED_ONLY
0xB6F523	0xF1820	UNCONDITIONAL_CALL	2	RECORDED_ONLY
0xB6F536	0xA0D10	UNCONDITIONAL_CALL	2	RECORDED_ONLY
0xB6F544	0xE1D70	UNCONDITIONAL_CALL	2	RECORDED_ONLY
0xB6F5FD	0x2AC7E78	UNCONDITIONAL_CALL	2	RECORDED_ONLY
0xB6F618	0x2AC7E78	UNCONDITIONAL_CALL	2	RECORDED_ONLY
0xB6F629	0xB6FEE0	UNCONDITIONAL_CALL	2	QUEUED_OR_ALREADY_CAPTURED
0xB6F631	0xB70160	UNCONDITIONAL_CALL	2	QUEUED_OR_ALREADY_CAPTURED
0xB6F636	0xB72250	UNCONDITIONAL_CALL	2	QUEUED_OR_ALREADY_CAPTURED
0xB6F63F	0x1C0F90	UNCONDITIONAL_CALL	2	RECORDED_ONLY
0xB6F66E	0x2655860	UNCONDITIONAL_CALL	2	RECORDED_ONLY
0xB6F683	0x2655CF0	UNCONDITIONAL_CALL	2	RECORDED_ONLY
0x149BA8F	0x14AAE80	UNCONDITIONAL_CALL	2	QUEUED_OR_ALREADY_CAPTURED
0x171D8D6	0xBA4F0	UNCONDITIONAL_CALL	2	RECORDED_ONLY
0x171D9A4	0x67B0C0	UNCONDITIONAL_CALL	2	RECORDED_ONLY
0x171D9E3	0x182510	UNCONDITIONAL_CALL	2	RECORDED_ONLY
0x171DA01	0xB707E0	UNCONDITIONAL_CALL	2	QUEUED_OR_ALREADY_CAPTURED
0x171DA27	0x1486A00	UNCONDITIONAL_CALL	2	QUEUED_OR_ALREADY_CAPTURED
0x171DA35	0x1486A00	UNCONDITIONAL_CALL	2	QUEUED_OR_ALREADY_CAPTURED
0x171DA3A	0x14A1D10	UNCONDITIONAL_CALL	2	QUEUED_OR_ALREADY_CAPTURED
0x171DA64	0x843BF0	UNCONDITIONAL_CALL	2	RECORDED_ONLY
0x171DAA3	0x147EC50	UNCONDITIONAL_CALL	2	QUEUED_OR_ALREADY_CAPTURED
0x171DAB7	0x11E97C0	UNCONDITIONAL_CALL	2	RECORDED_ONLY
0x171DAE7	0x843BF0	UNCONDITIONAL_CALL	2	RECORDED_ONLY
0x171DB1D	0xB6F9C0	UNCONDITIONAL_CALL	2	QUEUED_OR_ALREADY_CAPTURED
0x171DB2C	0x171C070	UNCONDITIONAL_CALL	2	QUEUED_OR_ALREADY_CAPTURED
0x171DB34	0x171E990	UNCONDITIONAL_CALL	2	QUEUED_OR_ALREADY_CAPTURED
0x171DB3C	0x1720380	UNCONDITIONAL_CALL	2	QUEUED_OR_ALREADY_CAPTURED
0x171DB55	0x171CFC0	UNCONDITIONAL_CALL	2	QUEUED_OR_ALREADY_CAPTURED
0x171DB76	0x171CFC0	UNCONDITIONAL_CALL	2	QUEUED_OR_ALREADY_CAPTURED
0x171DB7E	0x171F250	UNCONDITIONAL_CALL	2	QUEUED_OR_ALREADY_CAPTURED
0x171DBC6	0x1720560	UNCONDITIONAL_CALL	2	QUEUED_OR_ALREADY_CAPTURED
0x171DBE3	0x171C590	UNCONDITIONAL_CALL	2	QUEUED_OR_ALREADY_CAPTURED
0x171DC4C	0x147D7A0	UNCONDITIONAL_CALL	2	QUEUED_OR_ALREADY_CAPTURED
0x171DC72	0x1720810	UNCONDITIONAL_CALL	2	QUEUED_OR_ALREADY_CAPTURED
0x1490A29	0xB6FC20	UNCONDITIONAL_CALL	2	QUEUED_OR_ALREADY_CAPTURED
0x1490A66	0x14936B0	UNCONDITIONAL_CALL	2	QUEUED_OR_ALREADY_CAPTURED
0x1490B6C	0x17C0090	UNCONDITIONAL_CALL	2	QUEUED_OR_ALREADY_CAPTURED
0x1490B89	0x2180D0	UNCONDITIONAL_CALL	2	RECORDED_ONLY
0x171DE98	0xC21970	UNCONDITIONAL_CALL	2	QUEUED_OR_ALREADY_CAPTURED
0x171DEAF	0xB707E0	UNCONDITIONAL_CALL	2	QUEUED_OR_ALREADY_CAPTURED
0x149121D	0x1491410	UNCONDITIONAL_CALL	2	QUEUED_OR_ALREADY_CAPTURED
0x1491256	0xB6FC20	UNCONDITIONAL_CALL	2	QUEUED_OR_ALREADY_CAPTURED
0x14912AD	0xB6F900	UNCONDITIONAL_CALL	2	QUEUED_OR_ALREADY_CAPTURED
0x14912BE	0x2180D0	UNCONDITIONAL_CALL	2	RECORDED_ONLY
0x14914CE	0xB6FC20	UNCONDITIONAL_CALL	2	QUEUED_OR_ALREADY_CAPTURED
0x14914E7	0xBA2B0	UNCONDITIONAL_CALL	2	RECORDED_ONLY
0x14915AD	0x2AC7E78	UNCONDITIONAL_CALL	2	RECORDED_ONLY
0x14915E6	0xF1820	UNCONDITIONAL_CALL	2	RECORDED_ONLY
0x149170E	0xA3A20	UNCONDITIONAL_CALL	2	RECORDED_ONLY
0x149178E	0xE1AE0	COMPUTED_CALL	2	RECORDED_ONLY
0x14917AD	0xA3A20	UNCONDITIONAL_CALL	2	RECORDED_ONLY
0x1491829	0xE1AE0	COMPUTED_CALL	2	RECORDED_ONLY
0x1491840	0x1493390	UNCONDITIONAL_CALL	2	QUEUED_OR_ALREADY_CAPTURED
0x1491866	0xA3940	UNCONDITIONAL_CALL	2	RECORDED_ONLY
0x1491877	0xA3940	UNCONDITIONAL_CALL	2	RECORDED_ONLY
0x14918A4	0xA3940	UNCONDITIONAL_CALL	2	RECORDED_ONLY
0x1491923	0x1493050	UNCONDITIONAL_CALL	2	QUEUED_OR_ALREADY_CAPTURED
0x149194E	0xBA2B0	UNCONDITIONAL_CALL	2	RECORDED_ONLY
0x14919ED	0xE1AE0	COMPUTED_CALL	2	RECORDED_ONLY
0x1491A7B	0xE1AE0	COMPUTED_CALL	2	RECORDED_ONLY
0x1491AC2	0x1491B10	UNCONDITIONAL_CALL	2	QUEUED_OR_ALREADY_CAPTURED
0x1491ACC	0x2180D0	UNCONDITIONAL_CALL	2	RECORDED_ONLY
0x1491B54	0x5CD6A0	UNCONDITIONAL_CALL	3	RECORDED_ONLY
0x1491B6C	0x5CE950	UNCONDITIONAL_CALL	3	RECORDED_ONLY
0x1491B7C	0x5CD6A0	UNCONDITIONAL_CALL	3	RECORDED_ONLY
0x1491B94	0x5CE950	UNCONDITIONAL_CALL	3	RECORDED_ONLY
0x1491BB9	0xE1CE0	UNCONDITIONAL_CALL	3	RECORDED_ONLY
0x1491BC8	0xE1D70	UNCONDITIONAL_CALL	3	RECORDED_ONLY
0x1491C25	0x14AABB0	UNCONDITIONAL_CALL	3	RECORDED_ONLY
0x1491C57	0xA19D0	UNCONDITIONAL_CALL	3	RECORDED_ONLY
0x1491E2B	0x14AFDD0	UNCONDITIONAL_CALL	3	RECORDED_ONLY
0x1491EB0	0xE1AE0	COMPUTED_CALL	3	RECORDED_ONLY
0x1491EC4	0xBA6A0	UNCONDITIONAL_CALL	3	RECORDED_ONLY
0x1491EEE	0x14AABB0	UNCONDITIONAL_CALL	3	RECORDED_ONLY
0x1491EF9	0xBA6A0	UNCONDITIONAL_CALL	3	RECORDED_ONLY
0x1491F3D	0x14AABB0	UNCONDITIONAL_CALL	3	RECORDED_ONLY
0x1491F59	0xBA590	UNCONDITIONAL_CALL	3	RECORDED_ONLY
0x1491FB7	0x2AC7E78	UNCONDITIONAL_CALL	3	RECORDED_ONLY
0x1491FEA	0xF1820	UNCONDITIONAL_CALL	3	RECORDED_ONLY
0x14921B2	0x14AFDD0	UNCONDITIONAL_CALL	3	RECORDED_ONLY
0x149222C	0xE1AE0	COMPUTED_CALL	3	RECORDED_ONLY
0x149223B	0xBA6A0	UNCONDITIONAL_CALL	3	RECORDED_ONLY
0x14922C1	0xE1AE0	COMPUTED_CALL	3	RECORDED_ONLY
0x14923CE	0x14AFDD0	UNCONDITIONAL_CALL	3	RECORDED_ONLY
0x149245E	0xE1AE0	COMPUTED_CALL	3	RECORDED_ONLY
0x149247B	0xBA590	UNCONDITIONAL_CALL	3	RECORDED_ONLY
0x14924A8	0x846BB0	UNCONDITIONAL_CALL	3	RECORDED_ONLY
0x14924EA	0x14AFDD0	UNCONDITIONAL_CALL	3	RECORDED_ONLY
0x1492569	0xE1AE0	COMPUTED_CALL	3	RECORDED_ONLY
0x1492591	0xBA2B0	UNCONDITIONAL_CALL	3	RECORDED_ONLY
0x14925AC	0x2ACA3B4	UNCONDITIONAL_CALL	3	RECORDED_ONLY
0x1492618	0xE1AE0	COMPUTED_CALL	3	RECORDED_ONLY
0x149263F	0x846BB0	UNCONDITIONAL_CALL	3	RECORDED_ONLY
0x1492662	0x846BB0	UNCONDITIONAL_CALL	3	RECORDED_ONLY
0x14926AA	0x14AFDD0	UNCONDITIONAL_CALL	3	RECORDED_ONLY
0x1492729	0xE1AE0	COMPUTED_CALL	3	RECORDED_ONLY
0x1492748	0x846BB0	UNCONDITIONAL_CALL	3	RECORDED_ONLY
0x149278C	0x14AFDD0	UNCONDITIONAL_CALL	3	RECORDED_ONLY
0x149280B	0xE1AE0	COMPUTED_CALL	3	RECORDED_ONLY
0x1492865	0x2AC7E78	UNCONDITIONAL_CALL	3	RECORDED_ONLY
0x149289A	0xF1820	UNCONDITIONAL_CALL	3	RECORDED_ONLY
0x1492970	0x846BB0	UNCONDITIONAL_CALL	3	RECORDED_ONLY
0x14929B3	0x14AFDD0	UNCONDITIONAL_CALL	3	RECORDED_ONLY
0x1492A1E	0xE1AE0	COMPUTED_CALL	3	RECORDED_ONLY
0x1492A45	0xBA2B0	UNCONDITIONAL_CALL	3	RECORDED_ONLY
0x1492A9E	0x846BB0	UNCONDITIONAL_CALL	3	RECORDED_ONLY
0x1492AE5	0x14AFDD0	UNCONDITIONAL_CALL	3	RECORDED_ONLY
0x1492B59	0xE1AE0	COMPUTED_CALL	3	RECORDED_ONLY
0x1492B66	0x14AF670	UNCONDITIONAL_CALL	3	RECORDED_ONLY
0x1492B9D	0x846BB0	UNCONDITIONAL_CALL	3	RECORDED_ONLY
0x1492BE1	0x14AFDD0	UNCONDITIONAL_CALL	3	RECORDED_ONLY
0x1492C60	0xE1AE0	COMPUTED_CALL	3	RECORDED_ONLY
0x1492CC5	0x2AC7E78	UNCONDITIONAL_CALL	3	RECORDED_ONLY
0x1492CFD	0xF1820	UNCONDITIONAL_CALL	3	RECORDED_ONLY
0x1492D10	0xA0D10	UNCONDITIONAL_CALL	3	RECORDED_ONLY
0x1492D1C	0xE1D70	UNCONDITIONAL_CALL	3	RECORDED_ONLY
0x1492D79	0x2AC7EA0	UNCONDITIONAL_CALL	3	RECORDED_ONLY
0x14930F1	0x14AAD70	UNCONDITIONAL_CALL	3	RECORDED_ONLY
0x1493108	0xBA590	UNCONDITIONAL_CALL	3	RECORDED_ONLY
0x14931DE	0x14AABB0	UNCONDITIONAL_CALL	3	RECORDED_ONLY
0x14931F5	0xBA590	UNCONDITIONAL_CALL	3	RECORDED_ONLY
0x149323E	0xE1AE0	COMPUTED_CALL	3	RECORDED_ONLY
0x149335A	0xBE9210	UNCONDITIONAL_CALL	3	RECORDED_ONLY
0x1493579	0x17BF7C0	UNCONDITIONAL_CALL	3	RECORDED_ONLY
0x1493588	0x17BF7C0	UNCONDITIONAL_CALL	3	RECORDED_ONLY
0x14935BA	0x17BF7C0	UNCONDITIONAL_CALL	3	RECORDED_ONLY
0x14935F3	0x17BF7C0	UNCONDITIONAL_CALL	3	RECORDED_ONLY
0x149360D	0x17BF7C0	UNCONDITIONAL_CALL	3	RECORDED_ONLY
0x1491451	0x14AAD70	UNCONDITIONAL_CALL	3	RECORDED_ONLY
0x1491469	0x14AAD70	UNCONDITIONAL_CALL	3	RECORDED_ONLY
0x171C599	0x2AC8B00	UNCONDITIONAL_CALL	3	RECORDED_ONLY
0x171C614	0x171C260	UNCONDITIONAL_CALL	3	RECORDED_ONLY
0x171C720	0x2AC7EA0	UNCONDITIONAL_CALL	3	RECORDED_ONLY
0x171EB35	0x147EC50	UNCONDITIONAL_CALL	3	RECORDED_ONLY
0x171EB4B	0x171EDF0	UNCONDITIONAL_CALL	3	RECORDED_ONLY
0x171EBA2	0x171ED00	UNCONDITIONAL_CALL	3	RECORDED_ONLY
0x171EBDC	0x147EAF0	UNCONDITIONAL_CALL	3	RECORDED_ONLY
0x171EBEB	0x1198FD0	UNCONDITIONAL_CALL	3	RECORDED_ONLY
0x171EBFA	0x11943B0	UNCONDITIONAL_CALL	3	RECORDED_ONLY
0x171EC3E	0x171ED00	UNCONDITIONAL_CALL	3	RECORDED_ONLY
0x171EC62	0x171F250	UNCONDITIONAL_CALL	3	RECORDED_ONLY
0x171ECCE	0xE1AE0	COMPUTED_CALL	3	RECORDED_ONLY
0x14A1D59	0xBA2B0	UNCONDITIONAL_CALL	3	RECORDED_ONLY
0x14A1DA4	0xBA2B0	UNCONDITIONAL_CALL	3	RECORDED_ONLY
0x14A1DE0	0x843BF0	UNCONDITIONAL_CALL	3	RECORDED_ONLY
0x1486A26	0x67B0C0	UNCONDITIONAL_CALL	3	RECORDED_ONLY
0x1486A6E	0x148D40	UNCONDITIONAL_CALL	3	RECORDED_ONLY
0xB70187	EXTERNAL:EXTERNAL:0000003b	COMPUTED_CALL	3	RECORDED_ONLY
0xB70194	EXTERNAL:EXTERNAL:00000040	COMPUTED_CALL	3	RECORDED_ONLY
0xB701B7	0xB7E840	UNCONDITIONAL_CALL	3	RECORDED_ONLY
0xB701CC	0xB7E840	UNCONDITIONAL_CALL	3	RECORDED_ONLY
0xB701DD	0xB7E840	UNCONDITIONAL_CALL	3	RECORDED_ONLY
0xB7024E	0xBE91A0	UNCONDITIONAL_CALL	3	RECORDED_ONLY
0xB7029C	0xB7E6F0	UNCONDITIONAL_CALL	3	RECORDED_ONLY
0xB702CA	0xB70A90	UNCONDITIONAL_CALL	3	RECORDED_ONLY
0xB702E8	0xB7E6F0	UNCONDITIONAL_CALL	3	RECORDED_ONLY
0xB7031E	0xB80850	UNCONDITIONAL_CALL	3	RECORDED_ONLY
0xB7034B	0xB70430	UNCONDITIONAL_CALL	3	RECORDED_ONLY
0xB70372	EXTERNAL:EXTERNAL:00000041	COMPUTED_JUMP	3	RECORDED_ONLY
0xB6FF0C	EXTERNAL:EXTERNAL:0000003b	COMPUTED_CALL	3	RECORDED_ONLY
0xB6FF19	EXTERNAL:EXTERNAL:00000040	COMPUTED_CALL	3	RECORDED_ONLY
0xB6FF47	0xB7E840	UNCONDITIONAL_CALL	3	RECORDED_ONLY
0xB6FF5C	0xB7E840	UNCONDITIONAL_CALL	3	RECORDED_ONLY
0xB6FF6D	0xB7E840	UNCONDITIONAL_CALL	3	RECORDED_ONLY
0xB6FFBE	0xBE91A0	UNCONDITIONAL_CALL	3	RECORDED_ONLY
0xB7000B	0xB7E6F0	UNCONDITIONAL_CALL	3	RECORDED_ONLY
0xB70039	0xB70A90	UNCONDITIONAL_CALL	3	RECORDED_ONLY
0xB70057	0xB7E6F0	UNCONDITIONAL_CALL	3	RECORDED_ONLY
0xB7008E	0xB80850	UNCONDITIONAL_CALL	3	RECORDED_ONLY
0xB70100	0xBA2B0	UNCONDITIONAL_CALL	3	RECORDED_ONLY
0xB70149	EXTERNAL:EXTERNAL:00000041	COMPUTED_JUMP	3	RECORDED_ONLY
0xB6F751	0x182510	UNCONDITIONAL_CALL	3	RECORDED_ONLY
0xB6F79A	EXTERNAL:EXTERNAL:00000046	COMPUTED_CALL	3	RECORDED_ONLY
0xB6F7A7	EXTERNAL:EXTERNAL:0000003e	COMPUTED_CALL	3	RECORDED_ONLY
0xB6F7B8	0x22913E0	UNCONDITIONAL_CALL	3	RECORDED_ONLY
0xB6F7FC	0x1499C0	UNCONDITIONAL_CALL	3	RECORDED_ONLY
0xB6F813	EXTERNAL:EXTERNAL:00000041	COMPUTED_CALL	3	RECORDED_ONLY
0xB6F820	EXTERNAL:EXTERNAL:0000003f	COMPUTED_CALL	3	RECORDED_ONLY
0xB6F83B	EXTERNAL:EXTERNAL:00000045	COMPUTED_CALL	3	RECORDED_ONLY
0xB6F848	EXTERNAL:EXTERNAL:00000042	COMPUTED_CALL	3	RECORDED_ONLY
0xB6F855	0x157D00	UNCONDITIONAL_CALL	3	RECORDED_ONLY
0xB6F8B7	EXTERNAL:EXTERNAL:00000038	COMPUTED_CALL	3	RECORDED_ONLY
0xB77BFA	0x2653420	UNCONDITIONAL_CALL	3	RECORDED_ONLY
0xB77C53	0xA19D0	UNCONDITIONAL_CALL	3	RECORDED_ONLY
0xB77C8D	0xA10E0	COMPUTED_CALL	3	RECORDED_ONLY
0xB77CBD	0xB77480	UNCONDITIONAL_CALL	3	RECORDED_ONLY
0xB77CEF	0xB77480	UNCONDITIONAL_CALL	3	RECORDED_ONLY
0xB77D18	0xB77480	UNCONDITIONAL_CALL	3	RECORDED_ONLY
0xB77D41	0xB77480	UNCONDITIONAL_CALL	3	RECORDED_ONLY
0xB77D6A	0xB77480	UNCONDITIONAL_CALL	3	RECORDED_ONLY
0xB77D89	0x2125E60	COMPUTED_CALL	3	RECORDED_ONLY
0xB77DDB	0x2653420	CALL_TERMINATOR	3	RECORDED_ONLY
0xC138A5	0x182510	UNCONDITIONAL_CALL	3	RECORDED_ONLY
0xBD431F	0x2653420	UNCONDITIONAL_CALL	3	RECORDED_ONLY
0xBD43A7	0x2652B10	UNCONDITIONAL_CALL	3	RECORDED_ONLY
0xBD43C6	0xBD4870	UNCONDITIONAL_CALL	3	RECORDED_ONLY
0xBD43DA	0x2652B10	UNCONDITIONAL_CALL	3	RECORDED_ONLY
0xBD440A	0x2653190	UNCONDITIONAL_CALL	3	RECORDED_ONLY
0xBD4444	0x2652B10	UNCONDITIONAL_CALL	3	RECORDED_ONLY
0xBD4466	0xBD4870	UNCONDITIONAL_CALL	3	RECORDED_ONLY
0xBD44D2	0x2653420	CALL_TERMINATOR	3	RECORDED_ONLY
0xC34DF6	0x2653420	UNCONDITIONAL_CALL	3	RECORDED_ONLY
0xC34E0F	0x2652B10	UNCONDITIONAL_CALL	3	RECORDED_ONLY
0xC34E19	0x2652B10	UNCONDITIONAL_CALL	3	RECORDED_ONLY
0xC34E23	0x2652B10	UNCONDITIONAL_CALL	3	RECORDED_ONLY
0xC34F31	0x2653420	CALL_TERMINATOR	3	RECORDED_ONLY
0xB89168	0x2653420	UNCONDITIONAL_CALL	3	RECORDED_ONLY
0xB89175	0x2652B10	UNCONDITIONAL_CALL	3	RECORDED_ONLY
0xB89198	0x2652B10	UNCONDITIONAL_CALL	3	RECORDED_ONLY
0xB89238	0x2652B10	UNCONDITIONAL_CALL	3	RECORDED_ONLY
0xB89265	0x2652B10	UNCONDITIONAL_CALL	3	RECORDED_ONLY
0xB89270	0x2652B10	UNCONDITIONAL_CALL	3	RECORDED_ONLY
0xB892A8	0x2652B10	UNCONDITIONAL_CALL	3	RECORDED_ONLY
0xB892DB	0xC53B30	UNCONDITIONAL_CALL	3	RECORDED_ONLY
0xB8932C	0xC53BF0	UNCONDITIONAL_CALL	3	RECORDED_ONLY
0xB89361	0x2652B10	UNCONDITIONAL_CALL	3	RECORDED_ONLY
0xB8940A	0x2652B10	UNCONDITIONAL_CALL	3	RECORDED_ONLY
0xB894B8	0x2652B10	UNCONDITIONAL_CALL	3	RECORDED_ONLY
0xB89638	0x2652B10	UNCONDITIONAL_CALL	3	RECORDED_ONLY
0xB89642	0x2652B10	UNCONDITIONAL_CALL	3	RECORDED_ONLY
0xB8981E	0x2653420	CALL_TERMINATOR	3	RECORDED_ONLY
0xC1ED26	0x2AC8B00	UNCONDITIONAL_CALL	3	RECORDED_ONLY
0xC1ED55	0x2653420	UNCONDITIONAL_CALL	3	RECORDED_ONLY
0xC1ED62	0x2652B10	UNCONDITIONAL_CALL	3	RECORDED_ONLY
0xC1ED6A	EXTERNAL:EXTERNAL:00000046	COMPUTED_CALL	3	RECORDED_ONLY
0xC1ED77	EXTERNAL:EXTERNAL:0000003e	COMPUTED_CALL	3	RECORDED_ONLY
0xC1EE9D	EXTERNAL:EXTERNAL:0000003f	COMPUTED_CALL	3	RECORDED_ONLY
0xC1EEBA	0x1F20C80	UNCONDITIONAL_CALL	3	RECORDED_ONLY
0xC1EEC7	0x2652B10	UNCONDITIONAL_CALL	3	RECORDED_ONLY
0xC1EED6	EXTERNAL:EXTERNAL:00000046	COMPUTED_CALL	3	RECORDED_ONLY
0xC1EEE3	EXTERNAL:EXTERNAL:0000003e	COMPUTED_CALL	3	RECORDED_ONLY
0xC1EF2B	0x2ACA3B4	UNCONDITIONAL_CALL	3	RECORDED_ONLY
0xC1EF53	EXTERNAL:EXTERNAL:0000003f	COMPUTED_CALL	3	RECORDED_ONLY
0xC1EF96	0x1F20C80	UNCONDITIONAL_CALL	3	RECORDED_ONLY
0xC1F00C	0x2653420	UNCONDITIONAL_CALL	3	RECORDED_ONLY
0xC1F01C	0x2AC7EA0	UNCONDITIONAL_CALL	3	RECORDED_ONLY
0xBDFBED	0x2653420	UNCONDITIONAL_CALL	3	RECORDED_ONLY
0xBDFBF8	0x2652B10	UNCONDITIONAL_CALL	3	RECORDED_ONLY
0xBDFC03	0x2652B10	UNCONDITIONAL_CALL	3	RECORDED_ONLY
0xBDFC5F	0x2652B10	UNCONDITIONAL_CALL	3	RECORDED_ONLY
0xBDFC6A	0x2652B10	UNCONDITIONAL_CALL	3	RECORDED_ONLY
0xBDFC7A	0x2652B10	UNCONDITIONAL_CALL	3	RECORDED_ONLY
0xBDFDDB	0x2652B10	UNCONDITIONAL_CALL	3	RECORDED_ONLY
0xBDFE94	0x2653420	CALL_TERMINATOR	3	RECORDED_ONLY
0xB623D2	0x2653420	UNCONDITIONAL_CALL	3	RECORDED_ONLY
0xB623EF	0x2652B10	UNCONDITIONAL_CALL	3	RECORDED_ONLY
0xB623FC	0x2652B10	UNCONDITIONAL_CALL	3	RECORDED_ONLY
0xB62406	0xB6AD0	UNCONDITIONAL_CALL	3	RECORDED_ONLY
0xB6248D	0xB6AD0	UNCONDITIONAL_CALL	3	RECORDED_ONLY
0xB624DC	0x1269580	UNCONDITIONAL_CALL	3	RECORDED_ONLY
0xB62518	0xB6B80	UNCONDITIONAL_CALL	3	RECORDED_ONLY
0xB6252A	0xB6AD0	UNCONDITIONAL_CALL	3	RECORDED_ONLY
0xB62683	0x2AC7E78	UNCONDITIONAL_CALL	3	RECORDED_ONLY
0xB6269B	0x2AC7E78	UNCONDITIONAL_CALL	3	RECORDED_ONLY
0xB626C2	0x2AC7E78	UNCONDITIONAL_CALL	3	RECORDED_ONLY
0xB626D5	0x2AC7E78	UNCONDITIONAL_CALL	3	RECORDED_ONLY
0xB62732	0x2653420	CALL_TERMINATOR	3	RECORDED_ONLY
0xC08FDE	0x2653420	UNCONDITIONAL_CALL	3	RECORDED_ONLY
0xC08FEB	0x2652B10	UNCONDITIONAL_CALL	3	RECORDED_ONLY
0xC09166	0x2653420	UNCONDITIONAL_CALL	3	RECORDED_ONLY
0xC09173	0x2AC7EA0	UNCONDITIONAL_CALL	3	RECORDED_ONLY
0xB339C1	0x2653420	UNCONDITIONAL_CALL	3	RECORDED_ONLY
0xB33AF3	0x2652B10	UNCONDITIONAL_CALL	3	RECORDED_ONLY
0xB33CC2	0x2653420	UNCONDITIONAL_CALL	3	RECORDED_ONLY
0xC003C7	0x2653420	UNCONDITIONAL_CALL	3	RECORDED_ONLY
0xC00420	0x2652B10	UNCONDITIONAL_CALL	3	RECORDED_ONLY
0xC0047A	0x2652B10	UNCONDITIONAL_CALL	3	RECORDED_ONLY
0xC004E1	0x2652B10	UNCONDITIONAL_CALL	3	RECORDED_ONLY
0xC0078F	0x2653420	CALL_TERMINATOR	3	RECORDED_ONLY
0x18A01E5	0x1BD3770	UNCONDITIONAL_CALL	3	RECORDED_ONLY
0x18A01FC	0x2653420	UNCONDITIONAL_CALL	3	RECORDED_ONLY
0x18A0209	0x2652B10	UNCONDITIONAL_CALL	3	RECORDED_ONLY
0x18A0215	0x1A7C550	UNCONDITIONAL_CALL	3	RECORDED_ONLY
0x18A025D	0x2653420	UNCONDITIONAL_CALL	3	RECORDED_ONLY
0x18A0274	0x2653420	UNCONDITIONAL_CALL	3	RECORDED_ONLY
0x18A0281	0x2652B10	UNCONDITIONAL_CALL	3	RECORDED_ONLY
0x18A028D	0x1A7C550	UNCONDITIONAL_CALL	3	RECORDED_ONLY
0x18A0298	0x2652B10	UNCONDITIONAL_CALL	3	RECORDED_ONLY
0x18A02B8	0x2653190	UNCONDITIONAL_CALL	3	RECORDED_ONLY
0x18A02C3	0x2652B10	UNCONDITIONAL_CALL	3	RECORDED_ONLY
0x18A0314	0x2653420	UNCONDITIONAL_CALL	3	RECORDED_ONLY
0x18A032B	0x2653420	UNCONDITIONAL_CALL	3	RECORDED_ONLY
0x18A0338	0x2652B10	UNCONDITIONAL_CALL	3	RECORDED_ONLY
0x18A0347	0x1A7C550	UNCONDITIONAL_CALL	3	RECORDED_ONLY
0x18A0355	0x2652B10	UNCONDITIONAL_CALL	3	RECORDED_ONLY
0x18A037B	0x2653190	UNCONDITIONAL_CALL	3	RECORDED_ONLY
0x18A0387	0x2653190	UNCONDITIONAL_CALL	3	RECORDED_ONLY
0x18A03EF	0x2653420	UNCONDITIONAL_CALL	3	RECORDED_ONLY
0x18A03FE	0x1BD3770	UNCONDITIONAL_CALL	3	RECORDED_ONLY
0x18A0406	0x1A75070	UNCONDITIONAL_CALL	3	RECORDED_ONLY
0x18A040E	0x1B70600	UNCONDITIONAL_CALL	3	RECORDED_ONLY
0x18A0416	0x1E88C70	UNCONDITIONAL_CALL	3	RECORDED_ONLY
0x18A0422	EXTERNAL:EXTERNAL:00000046	COMPUTED_CALL	3	RECORDED_ONLY
0x18A0433	EXTERNAL:EXTERNAL:0000003e	COMPUTED_CALL	3	RECORDED_ONLY
0x18A0444	0x2653420	UNCONDITIONAL_CALL	3	RECORDED_ONLY
0x18A0451	0x2652B10	UNCONDITIONAL_CALL	3	RECORDED_ONLY
0x18A0477	EXTERNAL:EXTERNAL:0000003f	COMPUTED_CALL	3	RECORDED_ONLY
0x18A04C2	0x2653420	UNCONDITIONAL_CALL	3	RECORDED_ONLY
0x18A04E1	0x18A4CA0	CALL_TERMINATOR	3	RECORDED_ONLY
0xB63F47	0x2653420	UNCONDITIONAL_CALL	3	RECORDED_ONLY
0xB63FD1	0x2653420	UNCONDITIONAL_CALL	3	RECORDED_ONLY
0xB63FDB	0x2652B10	UNCONDITIONAL_CALL	3	RECORDED_ONLY
0xB64089	0x2653420	UNCONDITIONAL_CALL	3	RECORDED_ONLY
0xB640DB	0x2653420	CALL_TERMINATOR	3	RECORDED_ONLY
0xC3FDF9	0x2653420	UNCONDITIONAL_CALL	3	RECORDED_ONLY
0xC3FEA1	0xB6D50	UNCONDITIONAL_CALL	3	RECORDED_ONLY
0xC3FF33	0x2652B10	UNCONDITIONAL_CALL	3	RECORDED_ONLY
0xC3FF59	0x2652B10	UNCONDITIONAL_CALL	3	RECORDED_ONLY
0xC3FFAC	0xB6E90	UNCONDITIONAL_CALL	3	RECORDED_ONLY
0xC3FFBB	0x2652B10	UNCONDITIONAL_CALL	3	RECORDED_ONLY
0xC40000	0x2652B10	UNCONDITIONAL_CALL	3	RECORDED_ONLY
0xC4000D	0xA4600	UNCONDITIONAL_CALL	3	RECORDED_ONLY
0xC40029	0x264E5B0	UNCONDITIONAL_CALL	3	RECORDED_ONLY
0xC40038	0x2652B10	UNCONDITIONAL_CALL	3	RECORDED_ONLY
0xC40047	0x2652B10	UNCONDITIONAL_CALL	3	RECORDED_ONLY
0xC40057	0x2652B10	UNCONDITIONAL_CALL	3	RECORDED_ONLY
0xC40127	0xB6D50	UNCONDITIONAL_CALL	3	RECORDED_ONLY
0xC4019C	0x2652B10	UNCONDITIONAL_CALL	3	RECORDED_ONLY
0xC401B9	0x2652B10	UNCONDITIONAL_CALL	3	RECORDED_ONLY
0xC401E9	0xB6E90	UNCONDITIONAL_CALL	3	RECORDED_ONLY
0xC401F8	0x2652B10	UNCONDITIONAL_CALL	3	RECORDED_ONLY
0xC40217	0xA4600	UNCONDITIONAL_CALL	3	RECORDED_ONLY
0xC40232	0x264E5B0	UNCONDITIONAL_CALL	3	RECORDED_ONLY
0xC40241	0x2652B10	UNCONDITIONAL_CALL	3	RECORDED_ONLY
0xC40250	0x2652B10	UNCONDITIONAL_CALL	3	RECORDED_ONLY
0xC40268	0x2652B10	UNCONDITIONAL_CALL	3	RECORDED_ONLY
0xC40287	0xA4600	UNCONDITIONAL_CALL	3	RECORDED_ONLY
0xC402A2	0x264E5B0	UNCONDITIONAL_CALL	3	RECORDED_ONLY
0xC402B1	0x2652B10	UNCONDITIONAL_CALL	3	RECORDED_ONLY
0xC402C0	0x2652B10	UNCONDITIONAL_CALL	3	RECORDED_ONLY
0xC4039C	0xB6D50	UNCONDITIONAL_CALL	3	RECORDED_ONLY
0xC40430	0x2652B10	UNCONDITIONAL_CALL	3	RECORDED_ONLY
0xC40457	0xA4600	UNCONDITIONAL_CALL	3	RECORDED_ONLY
0xC40473	0x264E5B0	UNCONDITIONAL_CALL	3	RECORDED_ONLY
0xC40482	0x2652B10	UNCONDITIONAL_CALL	3	RECORDED_ONLY
0xC40491	0x2652B10	UNCONDITIONAL_CALL	3	RECORDED_ONLY
0xC4049A	0xA4600	UNCONDITIONAL_CALL	3	RECORDED_ONLY
0xC404B6	0x264E5B0	UNCONDITIONAL_CALL	3	RECORDED_ONLY
0xC404C5	0x2652B10	UNCONDITIONAL_CALL	3	RECORDED_ONLY
0xC404D4	0x2652B10	UNCONDITIONAL_CALL	3	RECORDED_ONLY
0xC40516	0xB6E90	UNCONDITIONAL_CALL	3	RECORDED_ONLY
0xC4056E	0x2653420	CALL_TERMINATOR	3	RECORDED_ONLY
0xC3B4B9	0x2653420	UNCONDITIONAL_CALL	3	RECORDED_ONLY
0xC3B4C5	0x2652B10	UNCONDITIONAL_CALL	3	RECORDED_ONLY
0xC3B51A	0x2652B10	UNCONDITIONAL_CALL	3	RECORDED_ONLY
0xC3B554	0x2652B10	UNCONDITIONAL_CALL	3	RECORDED_ONLY
0xC3B55F	0x2652B10	UNCONDITIONAL_CALL	3	RECORDED_ONLY
0xC3B57B	0xC3CF90	UNCONDITIONAL_CALL	3	RECORDED_ONLY
0xC3B5A0	0x2652B10	UNCONDITIONAL_CALL	3	RECORDED_ONLY
0xC3B5E4	0x2652B10	UNCONDITIONAL_CALL	3	RECORDED_ONLY
0xC3B5EF	0x2652B10	UNCONDITIONAL_CALL	3	RECORDED_ONLY
0xC3B60B	0xC3CF90	UNCONDITIONAL_CALL	3	RECORDED_ONLY
0xC3B61F	0x2652B10	UNCONDITIONAL_CALL	3	RECORDED_ONLY
0xC3B64C	0x2652B10	UNCONDITIONAL_CALL	3	RECORDED_ONLY
0xC3B6E2	0x2653420	CALL_TERMINATOR	3	RECORDED_ONLY
0xC3D677	0x2653420	UNCONDITIONAL_CALL	3	RECORDED_ONLY
0xC3D686	EXTERNAL:EXTERNAL:00000040	COMPUTED_CALL	3	RECORDED_ONLY
0xC3D693	0xC8ADF0	UNCONDITIONAL_CALL	3	RECORDED_ONLY
0xC3D6A1	0x2652B10	UNCONDITIONAL_CALL	3	RECORDED_ONLY
0xC3D727	0x2652B10	UNCONDITIONAL_CALL	3	RECORDED_ONLY
0xC3D740	0x2652B10	UNCONDITIONAL_CALL	3	RECORDED_ONLY
0xC3D74C	0xC8ADF0	UNCONDITIONAL_CALL	3	RECORDED_ONLY
0xC3D758	0x2652B10	UNCONDITIONAL_CALL	3	RECORDED_ONLY
0xC3D7A9	EXTERNAL:EXTERNAL:00000041	COMPUTED_CALL	3	RECORDED_ONLY
0xC3D7FF	0x2653420	CALL_TERMINATOR	3	RECORDED_ONLY
0xB69CC9	0x2653420	UNCONDITIONAL_CALL	3	RECORDED_ONLY
0xB69CD3	0x2652B10	UNCONDITIONAL_CALL	3	RECORDED_ONLY
0xB69D0F	0x2652B10	UNCONDITIONAL_CALL	3	RECORDED_ONLY
0xB69D47	0x2653190	UNCONDITIONAL_CALL	3	RECORDED_ONLY
0xB69DD9	0x2653420	CALL_TERMINATOR	3	RECORDED_ONLY
0xB29183	0x2653420	UNCONDITIONAL_CALL	3	RECORDED_ONLY
0xB29245	0xB29C30	UNCONDITIONAL_CALL	3	RECORDED_ONLY
0xB29283	0xBE91A0	UNCONDITIONAL_CALL	3	RECORDED_ONLY
0xB29323	0x2653420	CALL_TERMINATOR	3	RECORDED_ONLY
0x14A6C64	0x843BF0	UNCONDITIONAL_CALL	3	RECORDED_ONLY
0x14A5BC6	0x14A6840	CALL_TERMINATOR	3	RECORDED_ONLY
0xB703BD	0xB7E6F0	UNCONDITIONAL_CALL	3	RECORDED_ONLY
0xB703EB	0xB70A90	UNCONDITIONAL_CALL	3	RECORDED_ONLY
0xB70412	0xB7E6F0	UNCONDITIONAL_CALL	3	RECORDED_ONLY
0xB709E6	0xB7E840	UNCONDITIONAL_CALL	3	RECORDED_ONLY
0xB709F8	0xB7E840	UNCONDITIONAL_CALL	3	RECORDED_ONLY
0xB70A09	0xB7E840	UNCONDITIONAL_CALL	3	RECORDED_ONLY
0x180BBFF	0x846BB0	UNCONDITIONAL_CALL	3	RECORDED_ONLY
0x180BC1F	0x1819270	UNCONDITIONAL_CALL	3	RECORDED_ONLY
0x147A9BA	0xB8C30	UNCONDITIONAL_CALL	3	RECORDED_ONLY
0x147A9D8	0xB7890	UNCONDITIONAL_CALL	3	RECORDED_ONLY
0x147A9E4	0x14791A0	UNCONDITIONAL_CALL	3	RECORDED_ONLY
0x147AA01	0xB7890	UNCONDITIONAL_CALL	3	RECORDED_ONLY
0x147AA12	0xB9E20	UNCONDITIONAL_CALL	3	RECORDED_ONLY
0x147AA94	0xE1AE0	COMPUTED_CALL	3	RECORDED_ONLY
0x147AA9E	0xA38A0	UNCONDITIONAL_CALL	3	RECORDED_ONLY
0x147AAB1	0xB8C30	UNCONDITIONAL_CALL	3	RECORDED_ONLY
0x147AACC	0xB9A10	UNCONDITIONAL_CALL	3	RECORDED_ONLY
0x147AAF7	0xB9A10	UNCONDITIONAL_CALL	3	RECORDED_ONLY
0x147AB53	0xB9180	UNCONDITIONAL_CALL	3	RECORDED_ONLY
0x147AB75	0x2ACA3B4	UNCONDITIONAL_CALL	3	RECORDED_ONLY
0x147ABE6	0xB9180	UNCONDITIONAL_CALL	3	RECORDED_ONLY
0x147AC07	0x2ACA3B4	UNCONDITIONAL_CALL	3	RECORDED_ONLY
0x147AC41	0xA3CA0	UNCONDITIONAL_CALL	3	RECORDED_ONLY
0x147AC54	0xB7070	UNCONDITIONAL_CALL	3	RECORDED_ONLY
0x147AC79	0x14792C0	UNCONDITIONAL_CALL	3	RECORDED_ONLY
0x147AC9D	0xB7890	UNCONDITIONAL_CALL	3	RECORDED_ONLY
0x147ACAE	0xB9E20	UNCONDITIONAL_CALL	3	RECORDED_ONLY
0x147AD2C	0xE1AE0	COMPUTED_CALL	3	RECORDED_ONLY
0x147ADBE	0xE1AE0	COMPUTED_CALL	3	RECORDED_ONLY
0x147AE3D	0xE1AE0	COMPUTED_CALL	3	RECORDED_ONLY
0x147AEB7	0xE1AE0	COMPUTED_CALL	3	RECORDED_ONLY
0x147AEC8	0xB9A10	UNCONDITIONAL_CALL	3	RECORDED_ONLY
0x147AF03	0xA3CA0	UNCONDITIONAL_CALL	3	RECORDED_ONLY
0x147AF1A	0xB7070	UNCONDITIONAL_CALL	3	RECORDED_ONLY
0x147AF37	0xA3A20	UNCONDITIONAL_CALL	3	RECORDED_ONLY
0x147AFCA	0xE1AE0	COMPUTED_CALL	3	RECORDED_ONLY
0x147B039	0xE1AE0	COMPUTED_CALL	3	RECORDED_ONLY
0x147B0B1	0xE1AE0	COMPUTED_CALL	3	RECORDED_ONLY
0x14858F2	0x27023A0	UNCONDITIONAL_CALL	3	RECORDED_ONLY
0x1485907	0x27023A0	UNCONDITIONAL_CALL	3	RECORDED_ONLY
0x148591C	0x27023A0	UNCONDITIONAL_CALL	3	RECORDED_ONLY
0x1485931	0x27023A0	UNCONDITIONAL_CALL	3	RECORDED_ONLY
0x1485946	0x27023A0	UNCONDITIONAL_CALL	3	RECORDED_ONLY
0x148595B	0x27023A0	UNCONDITIONAL_CALL	3	RECORDED_ONLY
0x1485973	0x27023A0	UNCONDITIONAL_CALL	3	RECORDED_ONLY
0x148598B	0x27023A0	UNCONDITIONAL_CALL	3	RECORDED_ONLY
0x14859A3	0x27023A0	UNCONDITIONAL_CALL	3	RECORDED_ONLY
0x14859BB	0x27023A0	UNCONDITIONAL_CALL	3	RECORDED_ONLY
0x14859D3	0x27023A0	UNCONDITIONAL_CALL	3	RECORDED_ONLY
0x180EA86	0x232B3D0	UNCONDITIONAL_CALL	3	RECORDED_ONLY
0x180EA96	0x68C850	UNCONDITIONAL_CALL	3	RECORDED_ONLY
0x180EAB9	0x232B3D0	UNCONDITIONAL_CALL	3	RECORDED_ONLY
0x180EAC9	0x68C850	UNCONDITIONAL_CALL	3	RECORDED_ONLY
0x180EAEC	0x232B3D0	UNCONDITIONAL_CALL	3	RECORDED_ONLY
0x180EAFC	0x68C850	UNCONDITIONAL_CALL	3	RECORDED_ONLY
0x180EB12	0x67B0C0	UNCONDITIONAL_CALL	3	RECORDED_ONLY
0x180EB43	0x1485A40	UNCONDITIONAL_CALL	3	RECORDED_ONLY
0x180EB5E	0x232B3D0	UNCONDITIONAL_CALL	3	RECORDED_ONLY
0x180EB6E	0x1489DE0	UNCONDITIONAL_CALL	3	RECORDED_ONLY
0x180EB78	0xA38A0	UNCONDITIONAL_CALL	3	RECORDED_ONLY
0x17B3B69	0xB29E30	UNCONDITIONAL_CALL	3	RECORDED_ONLY
0x17B3B7A	0xB29C30	UNCONDITIONAL_CALL	3	RECORDED_ONLY
0x17B3BA7	0x182510	UNCONDITIONAL_CALL	3	RECORDED_ONLY
0x17C0158	0x1486980	UNCONDITIONAL_CALL	3	RECORDED_ONLY
0x17C018F	0x1486980	UNCONDITIONAL_CALL	3	RECORDED_ONLY
0x1762234	0xC53B30	UNCONDITIONAL_CALL	3	RECORDED_ONLY
0x1762253	0xC53BF0	UNCONDITIONAL_CALL	3	RECORDED_ONLY
0x176225D	0xA38A0	UNCONDITIONAL_CALL	3	RECORDED_ONLY
0x1489E03	0xA53B0	UNCONDITIONAL_CALL	3	RECORDED_ONLY
0x1489F01	0x2AC8240	UNCONDITIONAL_CALL	3	RECORDED_ONLY
0x1489F13	0xA3940	UNCONDITIONAL_CALL	3	RECORDED_ONLY
0x1489F30	0x110BB0	UNCONDITIONAL_CALL	3	RECORDED_ONLY
0x149F860	0x14A7620	UNCONDITIONAL_CALL	3	RECORDED_ONLY
0x149F86D	0x2AC7EA0	UNCONDITIONAL_CALL	3	RECORDED_ONLY
0x149FA2E	0x22E4D20	UNCONDITIONAL_CALL	3	RECORDED_ONLY
0x149FA45	0x22D6FE0	UNCONDITIONAL_CALL	3	RECORDED_ONLY
0x149FA59	0x2304500	UNCONDITIONAL_CALL	3	RECORDED_ONLY
0xBE7DBC	0xBE95C0	UNCONDITIONAL_CALL	3	RECORDED_ONLY
0xBE7DE2	0x109D80	UNCONDITIONAL_CALL	3	RECORDED_ONLY
0xBE7DF6	0xBE95C0	UNCONDITIONAL_CALL	3	RECORDED_ONLY
0x171E83D	0x171E3F0	UNCONDITIONAL_CALL	3	RECORDED_ONLY
0x171E860	0xB630C0	UNCONDITIONAL_CALL	3	RECORDED_ONLY
0x171E871	0xB5F890	UNCONDITIONAL_CALL	3	RECORDED_ONLY
0x171E90D	0xA19D0	UNCONDITIONAL_CALL	3	RECORDED_ONLY
0x171E923	0xB606C0	UNCONDITIONAL_CALL	3	RECORDED_ONLY
0x171E92A	0xA19D0	UNCONDITIONAL_CALL	3	RECORDED_ONLY
0x171E940	0xB606C0	UNCONDITIONAL_CALL	3	RECORDED_ONLY
0x171E94F	0x399830	UNCONDITIONAL_CALL	3	RECORDED_ONLY
0x171E972	0x2AC7EA0	UNCONDITIONAL_CALL	3	RECORDED_ONLY
0x14A7DDD	0x148DB40	UNCONDITIONAL_CALL	3	RECORDED_ONLY
0x14A7E5E	0xA42C0	UNCONDITIONAL_CALL	3	RECORDED_ONLY
0x14A7E68	0xA4600	UNCONDITIONAL_CALL	3	RECORDED_ONLY
0x14A7E72	0x149FF80	UNCONDITIONAL_CALL	3	RECORDED_ONLY
0x14A7E7C	0xA38A0	UNCONDITIONAL_CALL	3	RECORDED_ONLY
0x14A7ED5	0xA42C0	UNCONDITIONAL_CALL	3	RECORDED_ONLY
0x14A7EDF	0xA4600	UNCONDITIONAL_CALL	3	RECORDED_ONLY
0x14A7EE9	0x149FF80	UNCONDITIONAL_CALL	3	RECORDED_ONLY
0x14A7EF3	0xA38A0	UNCONDITIONAL_CALL	3	RECORDED_ONLY
0x14A82FE	0x843BF0	UNCONDITIONAL_CALL	3	RECORDED_ONLY
0x147ED5A	0xE9D6A0	CALL_TERMINATOR	3	RECORDED_ONLY
0x171CC92	0x171E3F0	UNCONDITIONAL_CALL	3	RECORDED_ONLY
0x171CCB0	0x147D7A0	UNCONDITIONAL_CALL	3	RECORDED_ONLY
0x171CCED	0xB630C0	UNCONDITIONAL_CALL	3	RECORDED_ONLY
0x171CCFF	0xB5F890	UNCONDITIONAL_CALL	3	RECORDED_ONLY
0x171CD7F	0x843BF0	UNCONDITIONAL_CALL	3	RECORDED_ONLY
0x171CDC3	0xB630C0	UNCONDITIONAL_CALL	3	RECORDED_ONLY
0x171CDF1	0xB5FA50	UNCONDITIONAL_CALL	3	RECORDED_ONLY
0x171CF4E	0x2AC7EA0	UNCONDITIONAL_CALL	3	RECORDED_ONLY
0x17B2642	0x17B2A90	UNCONDITIONAL_CALL	3	RECORDED_ONLY
0x17B2820	0x1766660	UNCONDITIONAL_CALL	3	RECORDED_ONLY
0x17B282D	0x2AC7EA0	UNCONDITIONAL_CALL	3	RECORDED_ONLY
0xC21ED3	0xC1D7C0	UNCONDITIONAL_CALL	3	RECORDED_ONLY
0xC21EDF	0xC21C60	UNCONDITIONAL_CALL	3	RECORDED_ONLY
0xC21F0B	0xC1D7C0	UNCONDITIONAL_CALL	3	RECORDED_ONLY
0xC21F17	0xC21C60	UNCONDITIONAL_CALL	3	RECORDED_ONLY
0x1727AEC	0x17279F0	UNCONDITIONAL_CALL	3	RECORDED_ONLY
0x1727B08	0x17279F0	UNCONDITIONAL_CALL	3	RECORDED_ONLY
0x1484C30	0x1483F90	UNCONDITIONAL_CALL	3	RECORDED_ONLY
0x1484C46	0x1483F90	UNCONDITIONAL_CALL	3	RECORDED_ONLY
0x1484C5C	0x1483F90	UNCONDITIONAL_CALL	3	RECORDED_ONLY
0x1484C72	0x1483F90	UNCONDITIONAL_CALL	3	RECORDED_ONLY
0x1484C88	0x1483F90	UNCONDITIONAL_CALL	3	RECORDED_ONLY
0x1484C9E	0x1483F90	UNCONDITIONAL_CALL	3	RECORDED_ONLY
0x1484CB4	0x1483F90	UNCONDITIONAL_CALL	3	RECORDED_ONLY
0x1484CCA	0x1483F90	UNCONDITIONAL_CALL	3	RECORDED_ONLY
0x1484CE0	0x1483F90	UNCONDITIONAL_CALL	3	RECORDED_ONLY
0x1484CF6	0x1483F90	UNCONDITIONAL_CALL	3	RECORDED_ONLY
0x1484D0C	0x1483F90	UNCONDITIONAL_CALL	3	RECORDED_ONLY
0x1484D22	0x1483F90	UNCONDITIONAL_CALL	3	RECORDED_ONLY
0x1484D38	0x1483F90	UNCONDITIONAL_CALL	3	RECORDED_ONLY
0x1484D4E	0x1483F90	UNCONDITIONAL_CALL	3	RECORDED_ONLY
0x1484D64	0x1483F90	UNCONDITIONAL_CALL	3	RECORDED_ONLY
0x1484D7A	0x1483F90	UNCONDITIONAL_CALL	3	RECORDED_ONLY
0x1484D90	0x1483F90	UNCONDITIONAL_CALL	3	RECORDED_ONLY
0x1484DA6	0x1483F90	UNCONDITIONAL_CALL	3	RECORDED_ONLY
0x1484DBC	0x1483F90	UNCONDITIONAL_CALL	3	RECORDED_ONLY
0x1484DD2	0x1483F90	UNCONDITIONAL_CALL	3	RECORDED_ONLY
0x1484DE8	0x1483F90	UNCONDITIONAL_CALL	3	RECORDED_ONLY
0x1484DFE	0x1483F90	UNCONDITIONAL_CALL	3	RECORDED_ONLY
0x1484E14	0x1483F90	UNCONDITIONAL_CALL	3	RECORDED_ONLY
0x1484E2A	0x1483F90	UNCONDITIONAL_CALL	3	RECORDED_ONLY
0x1484E40	0x1483F90	UNCONDITIONAL_CALL	3	RECORDED_ONLY
0x1484E56	0x1483F90	UNCONDITIONAL_CALL	3	RECORDED_ONLY
0x1484E6C	0x1483F90	UNCONDITIONAL_CALL	3	RECORDED_ONLY
0x1484E82	0x1483F90	UNCONDITIONAL_CALL	3	RECORDED_ONLY
0x1484E98	0x1483F90	UNCONDITIONAL_CALL	3	RECORDED_ONLY
0x1484EAE	0x1483F90	UNCONDITIONAL_CALL	3	RECORDED_ONLY
0x1484EC4	0x1483F90	UNCONDITIONAL_CALL	3	RECORDED_ONLY
0x1484EDA	0x1483F90	UNCONDITIONAL_CALL	3	RECORDED_ONLY
0x1484EF0	0x1483F90	UNCONDITIONAL_CALL	3	RECORDED_ONLY
0x180EBC5	0x843BF0	UNCONDITIONAL_CALL	3	RECORDED_ONLY
0x180EC00	0x180F7D0	UNCONDITIONAL_CALL	3	RECORDED_ONLY
0x180EC1D	0x232B3D0	UNCONDITIONAL_CALL	3	RECORDED_ONLY
0x180EC2C	0x68C850	UNCONDITIONAL_CALL	3	RECORDED_ONLY
0x180EC45	0x232B3D0	UNCONDITIONAL_CALL	3	RECORDED_ONLY
0x180EC54	0x68C850	UNCONDITIONAL_CALL	3	RECORDED_ONLY
0x180EC6D	0x232B3D0	UNCONDITIONAL_CALL	3	RECORDED_ONLY
0x180EC7C	0x68C850	UNCONDITIONAL_CALL	3	RECORDED_ONLY
0x180EC95	0x232B3D0	UNCONDITIONAL_CALL	3	RECORDED_ONLY
0x180ECA4	0x68C850	UNCONDITIONAL_CALL	3	RECORDED_ONLY
0x180ECAC	0x180BE20	UNCONDITIONAL_CALL	3	RECORDED_ONLY
0x180ECF0	0x232B3D0	UNCONDITIONAL_CALL	3	RECORDED_ONLY
0x180ECFF	0x68C850	UNCONDITIONAL_CALL	3	RECORDED_ONLY
0x180ED15	0x846BB0	UNCONDITIONAL_CALL	3	RECORDED_ONLY
0x180ED41	0x180E970	UNCONDITIONAL_CALL	3	RECORDED_ONLY
0x180EDD7	0x232B3D0	UNCONDITIONAL_CALL	3	RECORDED_ONLY
0x180EDE6	0x68C850	UNCONDITIONAL_CALL	3	RECORDED_ONLY
0x180EDF1	0x180BC80	UNCONDITIONAL_CALL	3	RECORDED_ONLY
0x180EE0A	0x180E970	UNCONDITIONAL_CALL	3	RECORDED_ONLY
0x180EE18	0x180BE80	UNCONDITIONAL_CALL	3	RECORDED_ONLY
0x180EE7F	0x180E970	UNCONDITIONAL_CALL	3	RECORDED_ONLY
0x180EEA2	0x180E870	UNCONDITIONAL_CALL	3	RECORDED_ONLY
0x180EEB3	0x180BBC0	UNCONDITIONAL_CALL	3	RECORDED_ONLY
0x180EECC	0x180BE80	UNCONDITIONAL_CALL	3	RECORDED_ONLY
0x180EF6D	0x232B3D0	UNCONDITIONAL_CALL	3	RECORDED_ONLY
0x180EF7D	0x68C850	UNCONDITIONAL_CALL	3	RECORDED_ONLY
0x180F029	0x232B3D0	UNCONDITIONAL_CALL	3	RECORDED_ONLY
0x180F038	0x68C850	UNCONDITIONAL_CALL	3	RECORDED_ONLY
0x180F15C	0x232B3D0	UNCONDITIONAL_CALL	3	RECORDED_ONLY
0x180F16B	0x68C850	UNCONDITIONAL_CALL	3	RECORDED_ONLY
0x180F225	0x232B3D0	UNCONDITIONAL_CALL	3	RECORDED_ONLY
0x180F234	0x68C850	UNCONDITIONAL_CALL	3	RECORDED_ONLY
0x180F2A5	0x232B3D0	UNCONDITIONAL_CALL	3	RECORDED_ONLY
0x180F2B4	0x68C850	UNCONDITIONAL_CALL	3	RECORDED_ONLY
0x180F337	0x232B3D0	UNCONDITIONAL_CALL	3	RECORDED_ONLY
0x180F34F	0x232B3D0	UNCONDITIONAL_CALL	3	RECORDED_ONLY
0x180F35E	0x68C850	UNCONDITIONAL_CALL	3	RECORDED_ONLY
0x180F373	0x232B3D0	UNCONDITIONAL_CALL	3	RECORDED_ONLY
0x180F382	0x68C850	UNCONDITIONAL_CALL	3	RECORDED_ONLY
0x15845E6	0x1589320	UNCONDITIONAL_CALL	3	RECORDED_ONLY
0x1584605	0x15845C0	UNCONDITIONAL_CALL	3	RECORDED_ONLY
0x1584621	0x15845C0	UNCONDITIONAL_CALL	3	RECORDED_ONLY
0x171F441	0x147EC50	UNCONDITIONAL_CALL	3	RECORDED_ONLY
0x171F45B	0x171F740	UNCONDITIONAL_CALL	3	RECORDED_ONLY
0x171F4DA	0x147EC50	UNCONDITIONAL_CALL	3	RECORDED_ONLY
0x171F502	0x171F740	UNCONDITIONAL_CALL	3	RECORDED_ONLY
0x171F542	0x147EC50	UNCONDITIONAL_CALL	3	RECORDED_ONLY
0x171F601	0x171F740	UNCONDITIONAL_CALL	3	RECORDED_ONLY
0x171F627	0x171F820	UNCONDITIONAL_CALL	3	RECORDED_ONLY
0x171F64C	0x171F820	UNCONDITIONAL_CALL	3	RECORDED_ONLY
0x171F66F	0x171F820	UNCONDITIONAL_CALL	3	RECORDED_ONLY
0x171F692	0x171F820	UNCONDITIONAL_CALL	3	RECORDED_ONLY
0x171F6B5	0x171F820	UNCONDITIONAL_CALL	3	RECORDED_ONLY
0x171F6D8	0x171F820	UNCONDITIONAL_CALL	3	RECORDED_ONLY
0x171F6FB	0x171F820	UNCONDITIONAL_CALL	3	RECORDED_ONLY
0x171D014	0x171E3F0	UNCONDITIONAL_CALL	3	RECORDED_ONLY
0x171D202	0xB630C0	UNCONDITIONAL_CALL	3	RECORDED_ONLY
0x171D214	0xB5F890	UNCONDITIONAL_CALL	3	RECORDED_ONLY
0x171D297	0x147D7A0	UNCONDITIONAL_CALL	3	RECORDED_ONLY
0x171D310	0x843BF0	UNCONDITIONAL_CALL	3	RECORDED_ONLY
0x171D3E5	0xB630C0	UNCONDITIONAL_CALL	3	RECORDED_ONLY
0x171D413	0xB5FA50	UNCONDITIONAL_CALL	3	RECORDED_ONLY
0x171D44B	0x147D7A0	UNCONDITIONAL_CALL	3	RECORDED_ONLY
0x171D49C	0xB630C0	UNCONDITIONAL_CALL	3	RECORDED_ONLY
0x171D4B1	0xB5F890	UNCONDITIONAL_CALL	3	RECORDED_ONLY
0x171D626	0xB630C0	UNCONDITIONAL_CALL	3	RECORDED_ONLY
0x171D638	0xB5F890	UNCONDITIONAL_CALL	3	RECORDED_ONLY
0x171D80D	0x2AC7EA0	UNCONDITIONAL_CALL	3	RECORDED_ONLY
0x1720817	0x2AC8B00	UNCONDITIONAL_CALL	3	RECORDED_ONLY
0x1720854	0x12699D0	UNCONDITIONAL_CALL	3	RECORDED_ONLY
0x172087F	0x14805B0	UNCONDITIONAL_CALL	3	RECORDED_ONLY
0x172089C	0x1480AD0	UNCONDITIONAL_CALL	3	RECORDED_ONLY
0x172090B	0xE1AE0	COMPUTED_CALL	3	RECORDED_ONLY
0x172091C	0x2AC7EA0	UNCONDITIONAL_CALL	3	RECORDED_ONLY
0xBBB4FF	0x2653420	UNCONDITIONAL_CALL	3	RECORDED_ONLY
0xBBB519	0x2652B10	UNCONDITIONAL_CALL	3	RECORDED_ONLY
0xBBB53A	0x2653190	UNCONDITIONAL_CALL	3	RECORDED_ONLY
0xBBB574	0x2652B10	UNCONDITIONAL_CALL	3	RECORDED_ONLY
0xBBB729	0x2653420	CALL_TERMINATOR	3	RECORDED_ONLY
0xB7E76E	0x2AC7E78	UNCONDITIONAL_CALL	3	RECORDED_ONLY
0xB7E7AB	0xF1820	UNCONDITIONAL_CALL	3	RECORDED_ONLY
0xB7E7BA	0xA0D10	UNCONDITIONAL_CALL	3	RECORDED_ONLY
0xB7E7C7	0xE1D70	UNCONDITIONAL_CALL	3	RECORDED_ONLY
0x14A6D43	0x843BF0	UNCONDITIONAL_CALL	3	RECORDED_ONLY
0x14A7C8D	0x148DB40	UNCONDITIONAL_CALL	3	RECORDED_ONLY
0x14A7D0E	0xA42C0	UNCONDITIONAL_CALL	3	RECORDED_ONLY
0x14A7D18	0xA4600	UNCONDITIONAL_CALL	3	RECORDED_ONLY
0x14A7D22	0x149FF80	UNCONDITIONAL_CALL	3	RECORDED_ONLY
0x14A7D2C	0xA38A0	UNCONDITIONAL_CALL	3	RECORDED_ONLY
0x14A7D85	0xA42C0	UNCONDITIONAL_CALL	3	RECORDED_ONLY
0x14A7D8F	0xA4600	UNCONDITIONAL_CALL	3	RECORDED_ONLY
0x14A7D99	0x149FF80	UNCONDITIONAL_CALL	3	RECORDED_ONLY
0x14A7DA3	0xA38A0	UNCONDITIONAL_CALL	3	RECORDED_ONLY
0xB809AA	0xB6C70	UNCONDITIONAL_CALL	3	RECORDED_ONLY
0xB80C95	0xB81500	UNCONDITIONAL_CALL	3	RECORDED_ONLY
0xB7058F	0xBA2B0	UNCONDITIONAL_CALL	3	RECORDED_ONLY
0xB705D7	0xBA2B0	UNCONDITIONAL_CALL	3	RECORDED_ONLY
0xB7060E	0x9663D0	UNCONDITIONAL_CALL	3	RECORDED_ONLY
0xBE95E2	0x1D7A20	UNCONDITIONAL_CALL	3	RECORDED_ONLY
0xBE9632	0x109D80	UNCONDITIONAL_CALL	3	RECORDED_ONLY
0x176A787	0x176A650	UNCONDITIONAL_CALL	3	RECORDED_ONLY
0x176A7A3	0x176A650	UNCONDITIONAL_CALL	3	RECORDED_ONLY
0x14A6E47	0x843BF0	UNCONDITIONAL_CALL	3	RECORDED_ONLY
0x14A68B0	0xA42C0	UNCONDITIONAL_CALL	3	RECORDED_ONLY
0x14A68BA	0xA4600	UNCONDITIONAL_CALL	3	RECORDED_ONLY
0x14A68C4	0x149FF80	UNCONDITIONAL_CALL	3	RECORDED_ONLY
0x14A68CE	0xA38A0	UNCONDITIONAL_CALL	3	RECORDED_ONLY
0x14A6916	0xA42C0	UNCONDITIONAL_CALL	3	RECORDED_ONLY
0x14A6920	0xA4600	UNCONDITIONAL_CALL	3	RECORDED_ONLY
0x14A692A	0x149FEA0	UNCONDITIONAL_CALL	3	RECORDED_ONLY
0x14A6934	0xA38A0	UNCONDITIONAL_CALL	3	RECORDED_ONLY
0x14A038A	0x67B0C0	UNCONDITIONAL_CALL	3	RECORDED_ONLY
0x14A03A7	0x109D80	UNCONDITIONAL_CALL	3	RECORDED_ONLY
0xB7E91C	0xE1AE0	COMPUTED_CALL	3	RECORDED_ONLY
0x149F599	0x149ACE0	UNCONDITIONAL_CALL	3	RECORDED_ONLY
0x149F5B5	0x14A72E0	UNCONDITIONAL_CALL	3	RECORDED_ONLY
0x149F5C2	0x2AC7EA0	UNCONDITIONAL_CALL	3	RECORDED_ONLY
0x147D7B9	0xC72520	UNCONDITIONAL_CALL	3	RECORDED_ONLY
0x147D7C5	0x1269580	UNCONDITIONAL_CALL	3	RECORDED_ONLY
0x147D7E3	0xC764D0	UNCONDITIONAL_CALL	3	RECORDED_ONLY
0x147D7F9	0xC72520	UNCONDITIONAL_CALL	3	RECORDED_ONLY
0xB722C3	0xB29D10	UNCONDITIONAL_CALL	3	RECORDED_ONLY
0xB72327	0x2AC7E78	UNCONDITIONAL_CALL	3	RECORDED_ONLY
0xB7235F	0xF1820	UNCONDITIONAL_CALL	3	RECORDED_ONLY
0xB723CC	0xE1AE0	COMPUTED_CALL	3	RECORDED_ONLY
0xB72442	0xE1A70	COMPUTED_CALL	3	RECORDED_ONLY
0xB72450	0xF1820	UNCONDITIONAL_CALL	3	RECORDED_ONLY
0xB72483	0xBA2B0	UNCONDITIONAL_CALL	3	RECORDED_ONLY
0xB724A2	0x2ACA3A8	UNCONDITIONAL_CALL	3	RECORDED_ONLY
0xB724BB	0x2ACA3B4	UNCONDITIONAL_CALL	3	RECORDED_ONLY
0xB724C5	0xC66C50	UNCONDITIONAL_CALL	3	RECORDED_ONLY
0xB7250B	0xB29B20	UNCONDITIONAL_CALL	3	RECORDED_ONLY
0xB7257D	0xE1AE0	COMPUTED_CALL	3	RECORDED_ONLY
0xB7E9CB	0x2AC7E78	UNCONDITIONAL_CALL	3	RECORDED_ONLY
0xB7EA03	0xF1820	UNCONDITIONAL_CALL	3	RECORDED_ONLY
0xB7EA12	0xA0D10	UNCONDITIONAL_CALL	3	RECORDED_ONLY
0xB7EA1E	0xE1D70	UNCONDITIONAL_CALL	3	RECORDED_ONLY
0xB7EAA9	0x2ACA3B4	CALL_TERMINATOR	3	RECORDED_ONLY
0x171CBB0	0x171CC50	UNCONDITIONAL_CALL	3	RECORDED_ONLY
0x171CC23	0x171BEB0	UNCONDITIONAL_CALL	3	RECORDED_ONLY
0xB29CB1	0x182510	UNCONDITIONAL_CALL	3	RECORDED_ONLY
0xB29CBC	0xB29A30	UNCONDITIONAL_CALL	3	RECORDED_ONLY
0xB29CE6	0x182510	CALL_TERMINATOR	3	RECORDED_ONLY
0x171FF37	0x1720560	UNCONDITIONAL_CALL	3	RECORDED_ONLY
0x17C00D3	0x17C0120	UNCONDITIONAL_CALL	3	RECORDED_ONLY
0x14936BF	0x17BFE10	UNCONDITIONAL_CALL	3	RECORDED_ONLY
0x14936CD	0x17BFE10	UNCONDITIONAL_CALL	3	RECORDED_ONLY
0x14936DB	0x17BFE10	UNCONDITIONAL_CALL	3	RECORDED_ONLY
0x14936E9	0x17BFE10	UNCONDITIONAL_CALL	3	RECORDED_ONLY
0x14936F7	0x17BFE10	UNCONDITIONAL_CALL	3	RECORDED_ONLY
0x1493705	0x17BFE10	UNCONDITIONAL_CALL	3	RECORDED_ONLY
0x1493713	0x17BFE10	UNCONDITIONAL_CALL	3	RECORDED_ONLY
0x1493726	0x17BFE10	CALL_TERMINATOR	3	RECORDED_ONLY
0x171BEDF	0x843BF0	UNCONDITIONAL_CALL	3	RECORDED_ONLY
0x171BF39	0x147EC50	UNCONDITIONAL_CALL	3	RECORDED_ONLY
0x171BFB2	0x171CB30	UNCONDITIONAL_CALL	3	RECORDED_ONLY
0x171C016	0x11E97C0	UNCONDITIONAL_CALL	3	RECORDED_ONLY
0xC219A1	0xA19D0	UNCONDITIONAL_CALL	3	RECORDED_ONLY
0xC219E0	0x2ACA3A8	UNCONDITIONAL_CALL	3	RECORDED_ONLY
0xC219FE	0x399830	UNCONDITIONAL_CALL	3	RECORDED_ONLY
0xC21A08	0xA19D0	UNCONDITIONAL_CALL	3	RECORDED_ONLY
0xC21A42	0x2ACA3A8	UNCONDITIONAL_CALL	3	RECORDED_ONLY
0xC21A65	0x399830	UNCONDITIONAL_CALL	3	RECORDED_ONLY
0xC21A6F	0xA19D0	UNCONDITIONAL_CALL	3	RECORDED_ONLY
0xC21A8A	0xA19D0	UNCONDITIONAL_CALL	3	RECORDED_ONLY
0xC21ABC	0xA19D0	UNCONDITIONAL_CALL	3	RECORDED_ONLY
0xC21AEB	0xA19D0	UNCONDITIONAL_CALL	3	RECORDED_ONLY
0xC21B48	0x2ACA3A8	UNCONDITIONAL_CALL	3	RECORDED_ONLY
0xC21BF1	0x1A48E0	COMPUTED_CALL	3	RECORDED_ONLY
0xC21C1E	0x1A48E0	COMPUTED_CALL	3	RECORDED_ONLY
0xC21C48	0x1A48E0	COMPUTED_CALL	3	RECORDED_ONLY
0xC21C5B	0x399830	CALL_TERMINATOR	3	RECORDED_ONLY
0x17BFE52	0x17BF4D0	UNCONDITIONAL_CALL	3	RECORDED_ONLY
0x17BFE5B	0x17BF4D0	UNCONDITIONAL_CALL	3	RECORDED_ONLY
0x17BFE80	0x17BF640	UNCONDITIONAL_CALL	3	RECORDED_ONLY
0x17BFEA0	0x17BF4D0	UNCONDITIONAL_CALL	3	RECORDED_ONLY
0x17BFEA9	0x17BF4D0	UNCONDITIONAL_CALL	3	RECORDED_ONLY
0x17BFED3	0x17BF640	UNCONDITIONAL_CALL	3	RECORDED_ONLY
0x17BFEF8	0x17BF640	UNCONDITIONAL_CALL	3	RECORDED_ONLY
0x17BFF20	0x17BF4D0	UNCONDITIONAL_CALL	3	RECORDED_ONLY
0x17BFF3E	0x17BF640	UNCONDITIONAL_CALL	3	RECORDED_ONLY
0x17BFF52	0x17BF4D0	UNCONDITIONAL_CALL	3	RECORDED_ONLY
0x17BFF6E	0x17BF640	UNCONDITIONAL_CALL	3	RECORDED_ONLY
0x17BFF82	0x17BF4D0	UNCONDITIONAL_CALL	3	RECORDED_ONLY
0x17BFF9E	0x17BF640	UNCONDITIONAL_CALL	3	RECORDED_ONLY
0x17BFFB2	0x17BF4D0	UNCONDITIONAL_CALL	3	RECORDED_ONLY
0x17BFFCE	0x17BF640	UNCONDITIONAL_CALL	3	RECORDED_ONLY
0x17BFFDE	0x17BF4D0	UNCONDITIONAL_CALL	3	RECORDED_ONLY
0x17BFFF1	0x17BF640	UNCONDITIONAL_CALL	3	RECORDED_ONLY
0x17C0004	0x17BF640	UNCONDITIONAL_CALL	3	RECORDED_ONLY
0x17C0017	0x17BF640	UNCONDITIONAL_CALL	3	RECORDED_ONLY
0x17C002A	0x17BF640	UNCONDITIONAL_CALL	3	RECORDED_ONLY
0x17C003D	0x17BF640	UNCONDITIONAL_CALL	3	RECORDED_ONLY
