pointer_location_rva	target_rva	text
0x3D78030	0x3205630	MainGunArtPartsUUID
0x3D78068	0x32055E0	MainGunColorMeshPartNames
0x3D780A0	0x3205600	MainGunColorChangeApv
0x3D780D8	0x32055A8	CamouflagePatternApvs
0x3D78110	0x32055C0	MainGunCamouflagePatternApvs
0x3D781B0	0x311E344	Fact
0x3D781E8	0x3205E50	RootSceneStreamingFact
0x3D78220	0x3205E10	SkipSequenceFact
0x3D78258	0x312D148	Condition
0x3D78290	0x3205E28	DeactivateCondition
0x3D782C8	0x31550A8	EventResource
0x3D78300	0x3205DE8	EventResources
0x3D78338	0x31F44B0	Parameter
0x3D78370	0x3205DF8	WaitActivateTime
0x3D78470	0x3D75220	cptr_DSMagellanManagerResource
0x3D78490	0x3D77650	Ref_DSItemParameter
0x3D78498	0x3D75F28	stereo/
0x3D784B8	0x3D76838	cptr_DSMagellanCommonSettings
0x3D784D8	0x3D75EC0	Ref_DSMagellanModelComponentResource
0x3D78538	0x3D75C30	cptr_DSMagellanSubArmsAimPatternResource
0x3D78558	0x3D79B60	cptr_DSMagellanSupportControlParam
0x3D788F0	0x3D742E0	UUIDRef_DSMagellanAnchorPoint
0x3D78910	0x32054D4	Vulcan
0x3D78948	0x32054E0	HipsJointID
0x3D78980	0x32054B8	TurretJointID
0x3D789B8	0x31A3CE0	Aim
0x3D789F0	0x31E5398	AimPattern
0x3D78B00	0x3D79CE8	cptr_DSMagellanPartModelComponent
0x3D78BD8	0x3D79698	Array_DSMagellanAnimationEventData
0x3D78BF8	0x3D7A2B0	WeakPtr_DSMagellanEntity
0x3D78C48	0x3D759D0	Ref_DSMagellanSubArmsAimPatternResource
0x3D78C68	0x3D786A0	cptr_DSMagellanPartModelComponentResource
0x3D78D70	0x32051C0	SailingActiveFact
0x3D78DA8	0x3205170	MovedByFastTravelFact
0x3D78DE0	0x3205188	PlayFinishedTravelDemoFact
0x3D78E18	0x3205430	LoadFinishedTravelDemoFact
0x3D78E50	0x3205450	CannotMoveReasonFact
0x3D78E88	0x32053F8	TooCloseDistance
0x3D78EC0	0x3205410	FastTravelFinishDemoSceneUUID
0x3D78F38	0x3D776D8	cptr_DSMagellanBombardmentSettings
0x3D78FD8	0x3D79B98	Ref_DSMagellanBombardmentComponentResource
0x3D78FF0	0x30947F8	General
0x3D79028	0x3205388	RoomTypes
0x3D79060	0x311709C	Model
0x3D79098	0x3205398	DirtRates
0x3D79130	0x3124A08	SceneUUID
0x3D79168	0x32053C8	NeighborTerminalUUID
0x3D791A0	0x31498A0	FactEntry
0x3D791D8	0x3141CD8	Area
0x3D79210	0x32053E0	SailingUnlockFact
0x3D79248	0x30995C8	WorldTransform
0x3D79280	0x32053A8	TerminalOffset
0x3D792B8	0x32053B8	SnowPlace
0x3D79330	0x3D76810	cptr_DSItemCommonConfig
0x3D79370	0x3189BC8	LoadingMovie
0x3D79410	0x3D77678	cptr_DSMagellanSupportAttackComponent
0x3D79490	0x3D787B8	Ref_DSItemCommonConfig
0x3D794B0	0x3D76E10	Ref_DSMagellanEntityResource
0x3D79548	0x3D78748	Array_Ref_DSMagellanAnchorPoint
0x3D795A8	0x3D77078	cptr_DSItemSystem
0x3D79600	0x3D7A318	cptr_DSMagellanPollutionSettings
0x3D79710	0x3D75B28	Ref_DSMagellanSubArmsComponentResource
0x3D79768	0x3D79DD0	Ref_DSMagellanPartModelComponentResource
0x3D79810	0x3D75D48	cptr_DSMagellanBlastAttackComponentResource
0x3D79998	0x3D78570	.bk2
0x3D79A98	0x3D77228	Ref_DSMagellanLivesEventResource
0x3D79B28	0x3D785F8	Array_EDSItemCategory
0x3D79B48	0x3D794C8	cptr_DSMagellanSubArmsComponentResource
0x3D79C98	0x3D785D8	EDSItemCategory
0x3D79CC0	0x3D769C8	EDSItemGlassesLensColor
0x3D79E80	0x31965C8	Horizontal
0x3D79EB8	0x31E53B0	WorstAngle
0x3D79EF0	0x31E54E8	BestAngle
0x3D79F28	0x3141C28	StartPosition
0x3D79F60	0x3193B20	Smoothness
0x3D79F98	0x31E54A8	ImproveCount
0x3D79FD0	0x31E5888	MaximumDistance
0x3D7A008	0x31963B0	Vertical
0x3D7A240	0x32043D0	SourceEvent
0x3D7A278	0x31A15B8	GestureType
0x3D7A390	0x3D76CE8	cptr_DSMagellanAnimationEventData
0x3D7A3D0	0x32054C8	SupportType
0x3D7A408	0x31679B0	FlyHeight
0x3D7A440	0x3205490	TakeOffSpeedRate
0x3D7A478	0x32054A8	TakeOffDistance
0x3D7A4B0	0x3205468	LandingSpeedRate
0x3D7A4E8	0x3205480	LandingDistance
0x3D7A520	0x3205EC8	FlyAngleOffset
0x3D7A558	0x3205ED8	IgnoreChiralArea
0x3D7A5C8	0x3D78C10	cptr_DSMagellanModelComponent
0x3D7A668	0x3D78CF8	cptr_DSMagellanBattleComponent
0x3D7A688	0x3D78A88	Ref_DSMagellanDamageComponentResource
0x3D7A720	0x3D77920	cptr_DSMagellanChildPartComponentResource
0x3D7A7D8	0x3D77A28	EDSItemSubCategory
0x3D7A800	0x3D79860	EDSMagellanDamageLevel
0x3D7A868	0x3D799B0	cptr_LoadingSystemAssets
0x3D7A888	0x3D76C98	Array_DSMagellanLifePhase
0x3D7A8A8	0x3D78D28	cptr_DSMagellanControllComponentResource
0x3D7A8C8	0x3D7A918	cptr_DSMagellanLifePhase
0x3D7A9C0	0x3D74190	Ref_DSMagellanBlastAttackComponentResource
0x3D7AA68	0x3D752B0	cptr_DSMagellanControllComponent
0x3D7AA80	0x3204230	AreaEffectParticleResource
0x3D7AAB8	0x3204200	FarAreaEffectParticleResource
0x3D7AAF0	0x3204220	BlockCollision
0x3D7AB28	0x3204420	NearAreaEffectRange
0x3D7AB60	0x3204438	FarAreaEffectRange
0x3D7AB98	0x32043F0	NearAreaEffectBaseRange
0x3D7ABD0	0x3204408	FarAreaEffectBaseRange
0x3D7AC08	0x32043E0	AreaRadius
0x3D7ACB8	0x3D7A2E0	Ref_DSMagellanBattleComponentResource
0x3D7ACD0	0x31609C4	Params
0x3D7AD08	0x32043B0	OverheatSuppressRate
0x3D7AD40	0x3144300	BooleanFacts
0x3D7AD78	0x32043C8	SubArms
0x3D7ADB0	0x3204388	SubArmsComponent
0x3D7ADE8	0x3095A60	Animation
0x3D7AE20	0x32043A0	EventData
0x3D7AEA8	0x3D768B0	Ref_DSMagellanLivesSystemResource
0x3D7AEC0	0x31AF930	Common
0x3D7AEF8	0x3205BB8	CommonSettings
0x3D7AF30	0x30949FC	Entity
0x3D7AF68	0x3205150	EntitySettings
0x3D7AFA0	0x30949A8	Scene
0x3D7AFD8	0x3205160	SceneSettings
0x3D7B010	0x3205138	Sailing
0x3D7B048	0x3205140	SailingSettings
0x3D7B080	0x32056E0	Pollution
0x3D7B0B8	0x3205110	PollutionSettings
0x3D7B0F0	0x3205128	Bombardment
0x3D7B128	0x32050E0	BombardmentSettings
0x3D7B168	0x3D79978	Ref_DSMagellanSailingSettings
0x3D7B180	0x31A6118	Parameters
0x3D7B1B8	0x31F6C70	Id
0x3D7B1F0	0x3188298	Level
0x3D7B228	0x312BD30	Category
0x3D7B260	0x3203F68	SubCategory
0x3D7B298	0x3116F58	Name
0x3D7B2D0	0x3116F48	Description
0x3D7B308	0x3203F30	IconTextureName
0x3D7B340	0x31F6AA8	ListItem
0x3D7B378	0x3203F40	CatalogFact
0x3D7B3B0	0x32041DC	Count
0x3D7B3E8	0x3099C94	Value
0x3D7B420	0x32041E8	ValueDecreaseSpeed
0x3D7B458	0x32041B0	ValueRecoverSpeed
0x3D7B490	0x32041C8	ValueRecoverWait
0x3D7B500	0x3204180	InCaseEntityResource
0x3D7B538	0x3204198	InCaseAttachHelper
0x3D7B570	0x3204150	PositionInMenu
0x3D7B5A8	0x3204160	DonotBeRegisteredToMenuIfZero
0x3D7B5E0	0x3203F79	DonotBeRegisteredToMenu
0x3D7B618	0x3204130	ToCrossSelector
0x3D7B650	0x3203F99	UseBattery
0x3D7B688	0x3203F51	DirectionChangeable
0x3D7B6F8	0x3D793A8	Ref_LoadingSystemAssets
0x3D7B710	0x3D783A8	EDSItemId
0x3D7B740	0x3D757D0	Ref_DSMagellanManagerResource
0x3D7B760	0x3D7DBF8	Ref_DSGameListItemBaseWithIcon
0x3D7B778	0x3D80C90	EDSGameBaggageListItem_BaggageCaseType
0x3D7B7A8	0x3D7E630	Array_DSRequiredRawMaterialAmount
0x3D7B7C0	0x3D7D6A8	EDSApasEnhancementId
0x3D7B7E8	0x3D822B8	EDSGameBaggageListItem_ContentsDamageType
0x3D7B810	0x3D7F940	EDSGameBaggageListItem_Volume
0x3D7B838	0x3D7C8C8	EDSApasEnhancementLvId
0x3D7B868	0x3D7D758	Ref_DSGameCatalogueListItem
0x3D7B888	0x3D7ED08	Array_Ref_DSGameBaggageListItem
0x3D7B8A8	0x3D7C6A0	Ref_DSAnimalSanctuaryManagerResource
0x3D7B8C8	0x3D7FFB8	Ref_DSAreaSettings
0x3D7B8E8	0x3D7DE88	Ref_DSApasEnhancementSystemResource
0x3D7B900	0x3D80258	EDSGameRawMaterialListItem_Type
0x3D7B930	0x3D7F368	Ref_DSGameBaggageListItem
0x3D7B978	0x3D7CE20	Array_Ref_DSGameListItemBaseWithIcon
0x3D7BA70	0x311F8C8	Type
0x3D7BAA8	0x31F4708	Baggage
0x3D7BAE0	0x3208170	DisplayLogInfoOnUnlocked
0x3D7BB18	0x32084C0	Usage
0x3D7BB50	0x32084B0	UnlockReason
0x3D7BB88	0x32084A0	UnlockDialog
0x3D7BBC0	0x3208490	UITabType
0x3D7BBF8	0x3208480	NoOnline
0x3D7BC30	0x3208470	DLCStatus
0x3D7BC68	0x3208460	TypeCustomValue
0x3D7BCD8	0x3208448	FactOfUnlockCondition
0x3D7BD10	0x3208428	FactOfUnlockOnlineCondition
0x3D7BD48	0x3208408	FactOfUnlockOnlineLV2Condition
0x3D7BD80	0x32083E8	RequiredRawMaterialAmounts
0x3D7BDB8	0x31F4490	Radio
0x3D7BDF0	0x32083D0	RadioResourceOnUnlocked
0x3D7BE28	0x31F49A0	Recycle
0x3D7BE60	0x32083C0	RecycleRate
0x3D7BE98	0x32083A8	DamegeReflectionRate
0x3D7BED0	0x3208398	UnlockParam
0x3D7BF08	0x3208388	MissionIds
0x3D7BF40	0x3207A18	TerminalId
0x3D7BF78	0x3207A10	Dialog
0x3D7BFB0	0x3207A00	DialogResource
0x3D7BFE8	0x32079F0	NoTexture
0x3D7C020	0x31F4CA8	Telemetry
0x3D7C058	0x32079D8	UnlockBeforeEnding
0x3D7C090	0x32079C8	PlayRecord
0x3D7C0C8	0x32079B0	PlayRecordTarget
0x3D7C100	0x31FE160	Reward
0x3D7C138	0x32079A0	RewardResource
0x3D7C170	0x318ED94	Online
0x3D7C1A8	0x3201B58	SupportHunter
0x3D7C1E0	0x3207990	EnemyBase
0x3D7C268	0x3D7E710	cptr_DSAnimalSanctuaryManagerResource
0x3D7C2F0	0x3D7C3E0	Array_cptr_DSGameBaggageListItem
0x3D7C310	0x3205F68	LocatorUUIDs
0x3D7C348	0x3205F58	AnimalType
0x3D7C380	0x3205F48	UnlockFact
0x3D7C458	0x3D7F7B8	Ref_JointShakePattern
0x3D7C4A0	0x3208158	RawMaterialParam
0x3D7C4D8	0x3208148	RawMaterialType
0x3D7C518	0x3D807F0	Array_DSGameBaggageListItem
0x3D7C598	0x3207BD0	LocalizeTexts
0x3D7C5D0	0x3207BE0	IndexFact
0x3D7C7A0	0x3D813C0	Ref_AddPhysicalBehaviorComponentResource
0x3D7C830	0x3D815D8	Ref_DSCatalogueChartGroup
0x3D7C878	0x3D80690	cptr_DSAnimalSanctuarySpawnLocator
0x3D7C960	0x3D7E410	Array_Ref_AddPhysicalBehaviorComponentResource
0x3D7CA98	0x3D7D9D8	cptr_DSApasEnhancementResource
0x3D7CAB8	0x3D7DB28	Ref_DSGameCatalogueListItemBase
0x3D7CBA8	0x3D7F6E8	Ref_DSCatalogueSystemSetting
0x3D7CBC8	0x3D7FFE0	Array_Ref_DSAnimalSanctuaryReleasePoint
0x3D7CBE8	0x3D7E7E0	cptr_DSGameBaggageListItemCaseWeightTable
0x3D7CC40	0x3D7BA30	Ref_DSAnimalSanctuarySceneSettings
0x3D7CD00	0x3D7D728	Ref_DSGameCommodityListItem
0x3D7CD20	0x3D80910	Ref_DSAreaData
0x3D7CD40	0x319AD40	SpawnSetups
0x3D7CD78	0x3120E10	Priority
0x3D7CE60	0x3D81680	Ref_DSCatalogueRewardResource
0x3D7CEB8	0x3207BA0	OnlineVehicleRecycleRate
0x3D7CEF0	0x32078A0	RawMaterial
0x3D7CF28	0x3207B88	ChiralCrystalItem
0x3D7CF60	0x3164C40	Construction
0x3D7CF98	0x3207B68	ConstructionMachineItems
0x3D7CFD0	0x3114E78	Vehicle
0x3D7D008	0x3207B58	VehicleItems
0x3D7D040	0x3207B38	VehicleTruckWeaponPartsItems
0x3D7D078	0x3207B18	VehicleTruckGeneralPartsItems
0x3D7D0B0	0x3207AF8	VehicleTruckSpecialPartsItems
0x3D7D0E8	0x3207AD8	VehicleTruckWheelPartsItems
0x3D7D120	0x3207AC0	VehicleTruckDecalItems
0x3D7D158	0x3207A98	VehicleMotorBikeWeaponPartsItems
0x3D7D190	0x3207A70	VehicleMotorBikeGeneralPartsItems
0x3D7D1C8	0x3207A48	VehicleMotorBikeSpecialPartsItems
0x3D7D200	0x3207A28	VehicleMotorBikeWheelPartsItems
0x3D7D238	0x3207DB0	VehicleMotorBikeDecalItems
0x3D7D270	0x3207DA8	Costume
0x3D7D2A8	0x3207D88	SuitsCamouflageDefaultItems
0x3D7D2E0	0x3207D68	SuitsCamouflageBlackCamItems
0x3D7D318	0x3207D40	SuitsCamouflageDesertYellowItems
0x3D7D350	0x3207D20	SuitsCamouflageSnowItems
0x3D7D388	0x3207D08	SuitsCamouflageAIItems
0x3D7D3C0	0x3207CE8	SuitsCamouflageSquareItems
0x3D7D3F8	0x3207CC8	SuitsCamouflageWoodlandItems
0x3D7D430	0x3207CA8	SuitsCamouflageDesertRedItems
0x3D7D468	0x3207C88	SuitsCamouflageDesertGrassItems
0x3D7D4A0	0x3207C68	SuitsCamouflagePizzeriaItems
0x3D7D4D8	0x3207C48	SuitsCamouflageRescueItems
0x3D7D510	0x3207C28	SuitsCamouflageJunjiItoItems
0x3D7D548	0x3207C10	SuitsCamouflagePSNItems
0x3D7D580	0x3207BF0	SuitsCamouflageAsusItems
0x3D7D5B8	0x3207E68	SuitsCamouflageMuertosFestItems
0x3D7D5F0	0x3207E50	ColorChangeableItems
0x3D7D710	0x3D7BA00	Ref_DSGameListItemUITagGroup
0x3D7D7C8	0x32078F8	TagGroups
0x3D7D838	0x3D7F9C0	EDSGameCatalogueListItem_UnlockDialogType
0x3D7D8F8	0x3D7DBA8	EDSArea
0x3D7D928	0x3D7F870	cptr_DSCatalogueChartGroup
0x3D7D990	0x3D815B8	dlc1/mono/
0x3D7DA10	0x3D80758	cptr_DSAnimalSanctuaryReleasePoint
0x3D7DA98	0x3207BC0	StatsCharts
0x3D7DB10	0x3D81EE8	cptr_DSGameRawMaterialListItem
0x3D7DB60	0x3D7F718	Array_Ref_JointShakePattern
0x3D7DBB0	0x3D7FA00	source:ds/movies/
0x3D7DC30	0x3D7C530	cptr_DSGameListItemBaseWithIcon
0x3D7DC70	0x3D81E00	EDSGameBaggageListItem_ExtraAttributeFlag
0x3D7DD98	0x3D82188	mono/
0x3D7DE28	0x3120308	Amount
0x3D7DEC8	0x3D7FF60	Ref_DSAnimalSanctuarySpawnLocator
0x3D7DF10	0x3D7DB78	cptr_DSCatalogueTextGroup
0x3D7DF68	0x32080A0	AttributeOfBaggage
0x3D7DFA0	0x3208090	TypeOfCase
0x3D7DFD8	0x3208078	TypeOfCaseCountry
0x3D7E010	0x3208060	TypeOfContentsDamage
0x3D7E048	0x3208050	TypeOfContents
0x3D7E080	0x3208044	Param
0x3D7E0B8	0x3208038	Contents
0x3D7E0F0	0x3208028	TypeOfVolume
0x3D7E160	0x3208018	SubAmount
0x3D7E198	0x31259A8	Weight
0x3D7E1D0	0x3208000	DurabilityOfContents
0x3D7E208	0x3208370	DurabilityOfCase
0x3D7E240	0x3208350	InitialDurabilityOfContents
0x3D7E278	0x3208338	InitialDurabilityOfCase
0x3D7E2B0	0x30949E0	MissionId
0x3D7E2E8	0x317FA88	Rarity
0x3D7E320	0x3208320	CapturedAnimalType
0x3D7E358	0x3208308	AnimalColorVariation
0x3D7E390	0x32082F0	ExtraAttributeFlag
0x3D7E518	0x3D7DD88	EShakePattern
0x3D7E5B0	0x3D7B948	Ref_DSGameListItemBase
0x3D7E770	0x32078D8	DSAreaDataArray
0x3D7E7A8	0x32078C0	DefaultDSAreaData
0x3D7E850	0x3D7C418	Array_EDSGameRawMaterialListItem_Type
0x3D7E870	0x3129BC0	Skeleton
0x3D7E8A8	0x32060F8	InitPoseResources
0x3D7E8E0	0x313ED90	NumIteration
0x3D7E918	0x32060E8	NumSubSteps
0x3D7E950	0x32060D8	PosDamping
0x3D7E988	0x32060C8	RotDamping
0x3D7E9C0	0x313E080	BlendOutTime
0x3D7E9F8	0x32060B0	SimulationBlendFactor
0x3D7EA10	0x3117284	0.0f
0x3D7EA18	0x3144CCC	100.f
0x3D7EA30	0x3206098	EnableJointSmooth
0x3D7EA68	0x3206080	JointMoveSmoothFactor
0x3D7EAA0	0x3206070	InitEnable
0x3D7EAD8	0x3206060	DisableGravity
0x3D7EB10	0x3206048	UserSetAnimation
0x3D7EB48	0x3206030	TeleportCheckTerminalOp
0x3D7EB80	0x3206020	PhysicalParts
0x3D7EBB8	0x313ED20	JointSettings
0x3D7EBF0	0x32061D8	JointShakePatterns
0x3D7EC28	0x32061C0	PartParentIndiecs
0x3D7EC60	0x32061B4	Chains
0x3D7EC98	0x32061A0	ChainStartIndices
0x3D7ECD0	0x3206190	LeafBodyIndices
0x3D7ED38	0x3D7DE60	EDSListItemColor
0x3D7ED60	0x3207544	Ui
0x3D7ED98	0x3207548	SortIndex
0x3D7EDD0	0x3207530	UiTextureBaseName
0x3D7EE08	0x3096930	Color
0x3D7EE40	0x3207520	TagGroup
0x3D7EE78	0x3207510	TagGroupGroup
0x3D7EEB0	0x3207FF0	CorpusGroup
0x3D7EEE8	0x3207FE0	StatsChart
0x3D7EF20	0x3207FD0	StatsChartGroup
0x3D7EF58	0x3207FC0	SubStatsChart
0x3D7EF90	0x3207FA8	SubStatsChartGroup
0x3D7EFC8	0x3207F98	SubRigIconType
0x3D7F000	0x3207F80	RemainingIconType
0x3D7F038	0x3207F60	RemainingCountFormatType
0x3D7F070	0x3207F48	ShowRemainingCount
0x3D7F0A8	0x3207F30	ShowRemainingGauge
0x3D7F0E0	0x3207F18	ShowSameWeaponTypeCount
0x3D7F118	0x3207F00	ShowChiralCrystalCount
0x3D7F150	0x31963C0	LocalizedText
0x3D7F188	0x3207EE8	LocalizedKeyHelp1
0x3D7F1C0	0x3207EC8	LocalizedDescriptionDetail
0x3D7F1F8	0x3207EA8	LocalizedDescriptionDetailGroup
0x3D7F230	0x3207E88	LocalizedUnlockCategoryText
0x3D7F258	0x3D81F80	subs/
0x3D7F278	0x3D80B50	Ref_DSGameRawMaterialListItem
0x3D7F308	0x3D7DBC8	cptr_DSGameListItemUITag
0x3D7F350	0x3D7F430	dlc1/stereo/
0x3D7F3F0	0x3D816D0	Ref_DSGameEquipmentListItem
0x3D7F408	0x3D7C668	EDSGameCatalogueListItem_UsageType
0x3D7F4C0	0x3207E38	DisplaySpawnSetup
0x3D7F4F8	0x3207E28	CustomMenu
0x3D7F530	0x3207E10	MusicTrackRsource
0x3D7F568	0x3207E00	HoloPersonalId
0x3D7F5A0	0x3207DE8	HoloPersonNameText
0x3D7F5D8	0x3207DD0	HoloAnimationNameText
0x3D7F678	0x3D7C608	Array_Ref_DSGameListItemUITag
0x3D7F6D0	0x3D7B9D0	cptr_DSGameEquipmentListItem
0x3D7F750	0x3D7FAE8	Ref_DSGameListItemUITagGroupGroup
0x3D7F7A0	0x3D7F398	Array_PhysicalPart
0x3D7F810	0x3D7DEE0	cptr_DSGameListItemBase
0x3D7F828	0x3D806C8	EDSGameBaggageListItem_ContentsType
0x3D7F858	0x3D7FCB8	Ref_DSApasEnhancementResource
0x3D7F8A8	0x3D7C848	cptr_JointShakePattern
0x3D7F928	0x3D7C2B0	cptr_DSGameCatalogueListItemBase
0x3D7F9A8	0x3D80D70	cptr_PhysicalPart
0x3D7FA60	0x3D7F650	ShakeShapeType
0x3D7FA90	0x3D7F768	cptr_DSCatalogueSystemSetting
0x3D7FB20	0x3095B08	JointID
0x3D7FB58	0x312DB80	ShapeType
0x3D7FB90	0x3205F28	RangeLimits
0x3D7FBC8	0x3205F18	VCThreshold
0x3D7FC00	0x31C1FE8	TriggerTime
0x3D7FC38	0x3205F00	EnableWhileNoMove
0x3D7FC78	0x3D7F970	cptr_DSGameCatalogueListItem
0x3D7FC90	0x3D7FD30	EDSGameCatalogueListItem_UnlockType
0x3D7FDA8	0x3116E88	ID
0x3D7FDE0	0x3207590	NameCode
0x3D7FE50	0x31807B8	LocalizedName
0x3D7FE88	0x3207578	LocalizedNameGroup
0x3D7FEC0	0x3180780	LocalizedDescription
0x3D7FEF8	0x3207558	LocalizedDescriptionGroup
0x3D7FFA0	0x3D7E600	cptr_DSCatalogueRewardResource
0x3D800D8	0x3D802C8	cptr_DSApasEnhancementSystemResource
0x3D80128	0x3205F78	ReleasePoints
0x3D801C0	0x3D7C9A8	Ref_DSGameWeaponListItem
0x3D80290	0x3D81FE8	Ref_DSGameBaggageListItemCaseWeightTable
0x3D802B0	0x3D7D670	cptr_DSGameListItemUITagGroupGroup
0x3D80330	0x3206140	StJointID
0x3D80368	0x3206130	EdJointID
0x3D803D8	0x3095218	Radius
0x3D80410	0x3099C78	Height
0x3D80448	0x315D568	Density
0x3D80480	0x3154FC0	AlignAxis
0x3D804B8	0x3206120	UseBoneLength
0x3D804F0	0x3206110	InverseAxis
0x3D80590	0x3D7E450	stereo/
0x3D80610	0x3D81EB8	Ref_DSCatalogueTextGroup
0x3D80740	0x3D7F290	cptr_AddPhysicalBehaviorComponent
0x3D807D8	0x3D80BC8	cptr_DSAnimalSanctuarySceneSettings
0x3D809A8	0x311E058	NameHash
0x3D80A88	0x3207908	ColorType
0x3D80AF8	0x3D80860	EDSGameBaggageListItem_BaggageCaseCountryType
0x3D80BB0	0x3D7CCD0	Array_Ref_DSAreaData
0x3D80C38	0x312960C	Tags
0x3D80C78	0x3D80F60	Array_EDSApasEnhancementId
0x3D80DA0	0x3D80068	cptr_DSGameBaggageListItem
0x3D80E70	0x3141B58	Tables
0x3D80EA8	0x3207928	CaseType
0x3D80EE0	0x3207918	CaseWeights
0x3D80F18	0x3D814C0	EDSCatalogueRewardItemType
0x3D80F48	0x3D820F8	Array_Ref_DSGameCatalogueListItem
0x3D80F98	0x3D7DD50	cptr_DSRequiredRawMaterialAmount
0x3D80FB0	0x3206470	EnhancementId
0x3D80FE8	0x3206458	EnhancementPoint
0x3D81020	0x3206440	EnhancementCategory
0x3D81058	0x3206428	DevelopmentCondition
0x3D81090	0x3206410	DeliveryAndMovementLv
0x3D810C8	0x3206400	BattleLv
0x3D81100	0x32063F0	StealthLv
0x3D81138	0x32063E0	OmotenashiLv
0x3D81170	0x32063D0	BridgeLinkLv
0x3D811A8	0x3141C70	EnableFact
0x3D811E0	0x32063B8	DevConditionFact
0x3D81218	0x32066D8	CommonParams
0x3D81250	0x32066C8	FloatParams
0x3D81288	0x31A64DC	UI
0x3D812F8	0x32066B8	InfoText
0x3D81368	0x31807F8	IconTexture
0x3D813A8	0x3D80B20	cptr_DSGameListItemUITagGroup
0x3D814A8	0x3D800F0	Array_Ref_DSApasEnhancementResource
0x3D81648	0x32078E8	LevelData
0x3D81708	0x3D7F8C0	cptr_DSGameWeaponListItem
0x3D81728	0x3D7F2C8	Ref_DSAnimalSanctuaryReleasePoint
0x3D81740	0x32065F8	DSApasEnhancementResources
0x3D81778	0x32065E0	InitialMemoryCapacity
0x3D817B0	0x32065A8	AdditionalMemoryCapacityByHouseholdFriendshipLevel
0x3D817E8	0x3206598	FriendshipLv1
0x3D81820	0x3206588	FriendshipLv2
0x3D81858	0x3206578	FriendshipLv3
0x3D81890	0x3206568	FriendshipLv4
0x3D818C8	0x3206558	FriendshipLv5
0x3D81900	0x3206808	PlacementPriority
0x3D81938	0x30B8AF8	Default
0x3D81970	0x31156E0	Invalid
0x3D819A8	0x32067F8	SameCate
0x3D819E0	0x32067E8	SameCateActive
0x3D81A18	0x32067D8	DiffCate
0x3D81A50	0x32067C8	DiffCateActive
0x3D81A88	0x32067C0	SysNode
0x3D81AC0	0x32067A8	SysNodeDirect1st
0x3D81AF8	0x3206790	SysNodeDirectKeep
0x3D81B30	0x3206778	SysNodeDirectKeep2
0x3D81B68	0x320676C	Free
0x3D81BA0	0x3206764	Dist
0x3D81BD8	0x312D858	Outside
0x3D81C10	0x31C0538	Script
0x3D81C48	0x3206750	ChangeActiveGraph
0x3D81CB8	0x3206730	UnlockedIdListBeforeEnding
0x3D81CF0	0x3206708	UnlockedIdListBeforePlatinumTrophy
0x3D81DE8	0x3D7F610	cptr_AddPhysicalBehaviorComponentResource
0x3D81E48	0x3D7E820	cptr_DSAreaSettings
0x3D81EA0	0x3D816B0	cptr_DSAreaData
0x3D82170	0x3D7FCF0	cptr_DSAnimalSanctuarySpeakerComponentResource
0x3D821A8	0x3D7E668	Array_Ref_DSGameListItemUITagGroup
0x3D821C8	0x3D82130	cptr_DSAnimalSanctuarySpeakerComponent
0x3D82300	0x3D7E748	Ref_DSGameListItemUITag
0x3D82308	0x3D801A0	.bk2
0x3D82350	0x3D7D940	cptr_DSGameCommodityListItem
0x3D823A8	0x3D7F3C0	EDSAreaChangeReason
0x3D823D0	0x3D80700	EDSGameCatalogueListItem_UITabType
0x3D823F8	0x3D808A0	EDSGameBaggageListItem_BaggageAttribute
0x3D82420	0x3D86818	EDSPlayRecordTypeUInt32
0x3D82448	0x3D84F48	EDSPhotoModeRequestType
0x3D82470	0x3D83120	EDSPlayRecordTypeDouble
0x3D82498	0x3D84760	EDSPlayRecordTypeUInt64
0x3D824C0	0x3D84818	EDSRuledNameCollisionTriggerType
0x3D82528	0x3D832C8	cptr_DSWatchTowerCollisionTrigger
0x3D82578	0x3D84AD8	Array_DSVehicleReallocationPrefabInstance
0x3D82680	0x3D83148	EDSPhotoModeVinetteSize
0x3D82700	0x3D826A8	EDSPhotoModeAperture
0x3D82768	0x3D86120	cptr_DSElevatorUsabilityComponent
0x3D827D8	0x3D82840	EDSPhotoModeBBFacialAnimation
0x3D82878	0x3D843F0	Array_UUIDRef_DSVehicleReallocationPrefabInstance
0x3D82AE0	0x3D830D0	cptr_DSRuledNameCollisionTriggerExtraParameterStepOnPoint
0x3D82B00	0x3D825D0	cptr_DSRuledNameCollisionTriggerExtraParameterFallDeathStartSelect
0x3D83008	0x320D9B0	ChildEntityResource
0x3D83040	0x320D9C8	SpotLightResource
0x3D83170	0x3D86598	EDSPhotoModeColorFilter
0x3D83220	0x320DD20	Staircase
0x3D83258	0x320DD2C	Steps
0x3D83290	0x320DAA0	BufferHeight
0x3D833E0	0x313318C	Prefab
0x3D83418	0x320A038	SourceConfig
0x3D83488	0x3209FF8	AdditionalSafePlaceInside
0x3D834C0	0x320A018	AdditionalSafePlaceOutside
0x3D83588	0x3D849B0	EDSPhotoModeDollManBodyAnimation
0x3D83688	0x3D858A0	cptr_DSRuledNameCollisionTriggerExtraParameterWaterFall
0x3D83888	0x3D837D0	Ref_DSRuledNameCollisionTriggerExtraParameter
0x3D838A0	0x3D86320	EDSPhotoModePlayerFacialAnimation
0x3D838D0	0x3D82630	Ref_DSRuledNameCollisionTriggerExtraParameterLocatorAndRadius
0x3D838F0	0x3D86E30	Ref_DSEntityDetectionTargetComponentResource
0x3D839E0	0x3D85408	EDSPhotoModeDollManFacialAnimation
0x3D83AF8	0x3D82A60	cptr_DSRuledNameCollisionTriggerExtraParameter
0x3D83B18	0x3D866B0	cptr_DSVehicleReallocationPrefabInstance
0x3D83B30	0x314518C	Light
0x3D83B68	0x320E1D8	LightEntityResource
0x3D83BA0	0x320E1F0	EnableDefault
0x3D83BD8	0x320E200	CastShadowDefault
0x3D83C10	0x320E218	ChromaDefault
0x3D83C48	0x320DE98	IntensityDefault
0x3D83C80	0x320DEB0	ConeAngleDefault
0x3D83C98	0x31307CC	0.01f
0x3D83CA0	0x3117750	180.0f
0x3D83CB8	0x320DEC8	MovableVerticalRange
0x3D83CF0	0x320DEE0	MovableVerticalDefault
0x3D83D28	0x320DEF8	MovableDistanceRange
0x3D83D60	0x320DF10	MovableDistanceDefault
0x3D83D98	0x320DF28	MoveSpeedHorizontal
0x3D83DD0	0x320DF40	MoveSpeedVertical
0x3D83E08	0x320DF58	MoveSpeedDistance
0x3D83E40	0x320DF70	RotateSpeedHorizontal
0x3D83E78	0x320DF88	RotateSpeedVertical
0x3D83EB0	0x320DFA0	RotateByMouseSpeedRate
0x3D83EE8	0x320DFB8	StickAngleRangeHorizontal
0x3D83F08	0x31177EC	90.0f
0x3D83F20	0x320DFD8	StickAngleRangeVertical
0x3D83F58	0x314FFEC	Camera
0x3D83F90	0x31529E0	SensorWidth
0x3D83FC8	0x3190820	Colorize
0x4333030	0x4332A90	DSGameListItemBase
0x4333120	0x4332E60	DSGameListItemUITag
0x4333440	0x43332D0	DSGameListItemBaseWithIcon
0x4333510	0x43329F8	DSGameListItemUITagGroupGroup
0x43335D0	0x4332A60	DSCatalogueRewardResource
0x43336A0	0x43327C0	DSApasEnhancementResourceSymbols
0x4333750	0x4333310	DSGameEquipmentListItem
0x4333800	0x4332C40	DSGameListItemUITagGroup
0x43338B0	0x4332900	DSGameCatalogueListItemBase
0x4333980	0x43333D8	DSRequiredRawMaterialAmount
0x4333A40	0x4332CC8	DSGameWeaponListItem
0x4333BA0	0x43329C8	DSGameCatalogueListItemSymbols
0x4333C50	0x4332B70	DSAreaData
0x4333D70	0x43333B0	DSCatalogueTextGroup
0x4333EF0	0x4333220	DSCatalogueSystemSetting
0x4333FA0	0x4332B90	DSGameBaggageListItemCaseWeightTable
0x4334050	0x4333338	DSGameBaggageListItem
0x4334100	0x4333CF0	DSGameCatalogueListItem
0x43341B0	0x4333380	DSGameRawMaterialListItem
0x4334260	0x4332FA0	AddPhysicalBehaviorComponent
0x4334310	0x4333E90	DSAnimalSanctuarySceneSettings
0x43343C0	0x4332968	DSAnimalSanctuaryReleasePoint
0x4334470	0x4332998	DSApasEnhancementNodeGroup
0x4334520	0x4333250	DSAnimalSanctuarySpeakerComponentResource
0x43345D0	0x4333AF0	DSApasEnhancementSystemResource
0x4334680	0x43334C0	DSAreaSettings
0x4334730	0x4332A28	DSAnimalSanctuarySpeakerComponent
0x43347E0	0x43331A0	DSApasEnhancementResource
0x4334890	0x4332790	DSAnimalSanctuarySpawnLocator
0x4334940	0x4332FD0	JointShakePattern
0x43349F0	0x4332E88	DSAnimalSanctuaryManagerResource
0x4334AA0	0x4332C08	AddPhysicalBehaviorComponentResource
0x4334B50	0x4333B20	DSAnimalSanctuaryNodeGroup
0x4334D30	0x43354B8	DSElevatorUsabilityComponentResource
0x4334F20	0x4334BD0	DSElevatorUsabilityCollisionComponentResource
0x2DD0058	0x31F4848	Garage
0x2DD0088	0x31F4880	FloatingCarts
0x2DD00B8	0x318D5DC	Tools
0x2DD00E8	0x312DA9C	Item
0x2DD0118	0x31F4890	UtilityPouch
0x2DD0148	0x317EDA8	Equipment
0x2DD0178	0x31F4868	Backpack
0x2DD01A8	0x31F4874	Waste
0x2DD01D8	0x31F4990	Training
0x2DD0238	0x31F4970	ShareBox
0x2DD0268	0x31F4980	PrivateBox
0x2DD0298	0x3143968	Terminal
0x2DD02C8	0x31F49B8	RestoreBaggagge
0x2DD02F8	0x3189620	FastTravel
0x2DD0328	0x31F49C8	PrivateRoom
0x2DD0358	0x31F49A8	Rest
0x2DD0388	0x31F49B0	BreakNG
0x2DD03B8	0x3122118	Save
0x2DD03E8	0x3187368	Difficulty
0x2DD0418	0x31F4950	PhotoMode
0x2DD0478	0x31E4070	Other
0x2DD04A8	0x31F4960	DebugOnly
0x2DD0518	0x3115CDC	None
0x2DD0548	0x31F58A8	BreakTarget
0x2DD0578	0x31F58B8	BeatEnemy
0x2DD05A8	0x31F5828	CollectItem
0x2DD05D8	0x31F5838	MultiTarget
0x2DD0638	0x31F5340	StartBefore
0x2DD0668	0x30989A4	Start
0x2DD0698	0x3115F10	Section
0x2DD06C8	0x31F5350	EndBefore
0x2DD06F8	0x30989C8	End
0x2DD0768	0x31F4530	MissionClear
0x2DD0798	0x31F4540	ConnectQpid
0x2DD07C8	0x31820B8	GameClear
0x2DD07F8	0x31F4500	FriendshipLevel3
0x2DD0828	0x31F4518	FriendshipLevel4
0x2DD0858	0x31F4568	FriendshipLevel5
0x2DD0888	0x31F4580	MemoryChip
0x2DD0E18	0x31F45F0	TelopTips
0x2DD0E48	0x31F4600	LoadingTips
0x2DD1028	0x3141B3C	Target
0x2DD1058	0x31F580C	Bandit
0x2DD1088	0x31F5818	MechSoldier
0x2DD10B8	0x31F5844	Gazer
0x2DD10E8	0x31F5850	Catcher_Jellyfish
0x2DD11A8	0x31F5898	TrainingGround
0x2DD11D8	0x31F5868	Tutorial
0x2DD1208	0x31F5878	WeaponTraining
0x2DD1238	0x31F58C8	Rematch
0x2DD1268	0x31F58D0	GhostMechArchive
0x2DD1518	0x31F70B8	TerminalOperation
0x2DD1548	0x31F70A0	TerminalOperationSimple
0x2DD1578	0x31F7090	PauseMenu
0x2DD15D8	0x31F7080	BaggageSelect
0x2DD1608	0x31F7110	HandcuffDevice
0x2DD1638	0x3154E70	Cutscene
0x2DD1668	0x31F70F0	CutsceneGameContentInvisible
0x2DD1698	0x31F70E0	WeaponSelector
0x2DD16C8	0x31F70D0	Subspace
0x2DD16F8	0x31F79C0	KnotSpace
0x2DD1728	0x31F79B0	StrideAreaEvent
0x2DD1758	0x309543C	Result
0x2DD17B8	0x31F79A0	GameOver
0x2DD17E8	0x31F7994	Faint
0x2DD1818	0x31F7A00	BossBattle
0x2DD1848	0x31F79F0	AfterBeatBoss
0x2DD1878	0x31F79E0	Annihilation
0x2DD18A8	0x317E240	Movie
0x2DD18D8	0x31F79D0	InGameCutscene
0x2DD1908	0x31F7940	InGameCutsceneContentInvisible
0x2DD1938	0x31F7930	InGameActing
0x2DD1968	0x31F7920	RelocateBaggage
0x2DD1998	0x3115018	Loading
0x2DD19C8	0x31F7910	HeartmanRoom
0x2DD19F8	0x31F7988	Renovation
0x2DD1A28	0x315504C	Onsen
0x2DD1A58	0x31F7980	Setup
0x2DD1A88	0x31F7970	CallingRadio
0x2DD1AB8	0x31F7960	SystemPause
0x2DD1AE8	0x31F7AF0	AreaChanging
0x2DD1B18	0x31F7AD8	DirectIntoPrivateRoom
0x2DD1B48	0x31F7ACC	Night
0x2DD1B78	0x31F7AB8	HiggsGuitarBattle
0x2DD1BA8	0x31F7B38	AllowPathRecord
0x2DD1BD8	0x31F7B28	MissionCancel
0x2DD1C08	0x31F7B10	EventsRestricted
0x2DD1C38	0x31F7B00	StayPrivateRoom
0x2DD1C68	0x31F7A48	RainSheleterSkipTime
0x2DD1C98	0x31F7A30	WaitCloseLoadingScreen
0x2DD1CC8	0x31F7A20	PlayerDied
0x2DD1CF8	0x31F7A10	PlayerFainted
0x2DD1D28	0x31F7AA0	HUDHideImmediately
0x2DD1D58	0x31F7A90	HUDHideFadeout
0x2DD1D88	0x31F7A80	SignboardMenu
0x2DD1DB8	0x31F7A60	ExplosionObjectSuspendRequest
0x2DD1DE8	0x31F7C40	ExplosionObjectRemoveRequest
0x2DD1E18	0x31F7C20	CanMoveCameraForInGameCutscene
0x2DD1E48	0x31F7C10	StaySubspace
0x2DD1E78	0x31F7C00	MemoriesOfCliff
0x2DD1EA8	0x31F7CD0	EndingStaffRole
0x2DD1ED8	0x31F7CA0	ExplosionObjectRemoveRequestForBeforeExplosion
0x2DD1F08	0x31F7C70	ExplosionObjectRemoveRequestForDetonatableState
0x2DD1F38	0x31F7C60	RaceMode
0x2DD1F68	0x31F7B80	VRTrainingFiringRangeMode
0x2DD1F70	0x31F7B70	FiringRangeMode
0x2DD1F98	0x31F7B58	AfterBeatBossForTimer
0x2DD1FC8	0x31F7B48	InCombatCatcher
0x2DD1FF8	0x31F7BF0	InCombatBT
0x2DD2028	0x31F7BC0	EnemyIsNotSneakPhaseNearPlayerWithoutNotice
0x2DD2058	0x31F7BA8	InEnemyNotGiveupArea
0x2DD2088	0x31F7BA0	Nirvana
0x2DD20B8	0x31F7DC8	ReviveFromGoldHunter
0x2DD20E8	0x31F7DB0	IgnoreOnlineInfoLog
0x2DD2118	0x31F7D98	IgnoreMenuTutorial
0x2DD2148	0x31F7D88	WaitOnTitle
0x2DD2178	0x31F7E18	IsAfterEnding
0x2DD21A8	0x31F7E08	VRTrainingMode
0x2DD21D8	0x31F7DF0	VRTrainingRematchMode
0x2DD2208	0x31F7DE0	BikeBattleMode
0x2DD2238	0x31F7D20	PseudoUnderWater
0x2DD2268	0x31F7D10	TarFallRain
0x2DD2298	0x31F7CF8	InteractingUseLocation
0x2DD22C8	0x31F7CE0	DrawbridgeSwitch
0x2DD22F8	0x31F7D70	RelivingLouMission
0x2DD2328	0x31F7D58	HiggsBurntAction
0x2DD2358	0x31F7D48	Avalanche
0x2DD2388	0x31F7D38	ForceRadioHud
0x2DD23E8	0x31F7230	TerminalOperationContentInvisible
0x2DD2418	0x31F7218	VRTrainingNeilBattle
0x2DD2448	0x31F71F0	EnvironmentDamageAreaRemoveRequest
0x2DD24E8	0x3097F50	Open
0x2DD2518	0x31F8738	DrawbridgeMembers
0x2DD2548	0x31F8728	SamPrivate
0x2DD2928	0x31F9430	BatteryCharger
0x2DD2988	0x31F9490	AmmoLoader
0x2DD29B8	0x31F9478	ThreeGrenadePouch
0x2DD29E8	0x31F9468	GrenadePouch
0x2DD2A18	0x31F9458	Balancer
0x2DD2A48	0x31F93C8	BatteryChargerLv2
0x2DD2A78	0x31F93B0	BatteryChargerLv3
0x2DD2AA8	0x31F93A0	AmmoLoaderMini
0x2DD2AD8	0x31F9390	BalancerLv2
0x2DD2B08	0x31F9420	BalancerLv3
0x2DD2B38	0x31F9408	AntiGravityDevice
0x2DD2B68	0x31F93F8	AutoAEDDevice
0x2DD2B98	0x31F93E0	ElectricAbsorber
0x2DD2BC8	0x31F9518	BatteryChargerMini
0x2DD2BF8	0x31F9508	BackProtector
0x2DD2C28	0x31F94F0	SolarChargerUnit
0x2DD2C58	0x31F94E0	AmmoLoaderLv2
0x2DD2C88	0x31F9548	BatteryChargerLv4
0x2DD2CB8	0x31F9540	Patch00
0x2DD2CE8	0x31F9538	Patch01
0x2DD2D18	0x31F9530	Patch02
0x2DD2D48	0x31F94B8	Patch03
0x2DD2D78	0x31F94B0	Patch04
0x2DD2DA8	0x31F94A8	Patch05
0x2DD2DD8	0x31F94A0	Patch06
0x2DD2E08	0x31F94D8	Patch07
0x2DD2E38	0x31F94D0	Patch08
0x2DD2E68	0x31F94C8	Patch09
0x2DD2E98	0x31F94C0	Patch10
0x2DD2EC8	0x31F95B8	Patch11
0x2DD2EF8	0x31F95B0	Patch12
0x2DD2F28	0x31F95A8	Patch13
0x2DD2F58	0x31F95A0	Patch14
0x2DD2F88	0x31F95D8	Patch15
0x2DD2FB8	0x31F95D0	Patch16
0x2DD2FE8	0x31F95C8	Patch17
0x2DD3018	0x31F95C0	Patch18
0x2DD3048	0x31F9578	Patch19
0x2DD3078	0x31F9570	Patch20
0x2DD30A8	0x31F9568	Patch21
0x2DD30D8	0x31F9560	Patch22
0x2DD3108	0x31F9598	Patch23
0x2DD3138	0x31F9590	Patch24
0x2DD3168	0x31F9588	Patch25
0x2DD3198	0x31F9580	Patch26
0x2DD31C8	0x31F9638	Patch27
0x2DD31F8	0x31F9630	Patch28
0x2DD3228	0x31F9628	Patch29
0x2DD3258	0x31F9620	Patch30
0x2DD3288	0x31F9658	Patch31
0x2DD32B8	0x31F9650	Patch32
0x2DD32E8	0x31F9648	Patch33
0x2DD3318	0x31F9640	Patch34
0x2DD3348	0x31F95F8	Patch35
0x2DD3378	0x31F95F0	Patch36
0x2DD33A8	0x31F95E8	Patch37
0x2DD33D8	0x31F95E0	Patch38
0x2DD3408	0x31F9618	Patch39
0x2DD3438	0x31F9610	Patch40
0x2DD3468	0x31F9608	Patch41
0x2DD3498	0x31F9600	Patch42
0x2DD34C8	0x31F9228	Patch43
0x2DD34F8	0x31F9220	Patch44
0x2DD3528	0x31F9218	Patch45
0x2DD3558	0x31F9210	Patch46
0x2DD3588	0x31F9248	Patch47
0x2DD35B8	0x31F9240	Patch48
0x2DD35E8	0x31F9238	Patch49
0x2DD3618	0x31F9230	Patch50
0x2DD3648	0x31F91D8	Patch51
0x2DD3678	0x31F91D0	Patch52
0x2DD36A8	0x31F91C8	Patch53
0x2DD36D8	0x31F91C0	Patch54
0x2DD3708	0x31F9208	Patch55
0x2DD3838	0x31F87C0	Household
0x2DD3868	0x31F87B0	PreLevel
0x2DD3898	0x31F8820	CurLevel
0x2DD38C8	0x31F8810	LevelDiff
0x2DD38F8	0x31F8800	DeliveryPointId
0x2DD3978	0x31F9200	Bell
0x2DD39A8	0x31F91F0	Electrobiosis
0x2DD39D8	0x31F91E0	Cryptobiosis
0x2DD3A08	0x318D5D4	Combat
0x2DD3A38	0x3182108	Animal
0x2DD3A68	0x31F4860	Like
0x2DD3A98	0x31C3AC0	Stamina
0x2DD3AC8	0x31820E4	Porter
0x2DD3B40	0x31F87F0	QpidLevelUpEent
0x2DD3C08	0x31FA590	kNone
0x2DD3C38	0x31FA544	kX
0x2DD3C68	0x31FA548	kY
0x2DD3C98	0x31FA54C	kZ
0x2DD3D48	0x31FA800	kSystem
0x2DD3D78	0x31FA818	kFloatingCart
0x2DD3DA8	0x31FA828	kMenu
0x2DD3DD8	0x31FA830	kHUD
0x2DD3E08	0x31FA838	kUI
0x2DD3E38	0x31FA808	kPrivateRoom
0x2DD3E88	0x31FBC78	MouseHorizontalSensitivity
0x2DD3EB8	0x31FBC98	MouseVerticalSensitivity
0x2DD3EE8	0x31FBCB8	MouseADSHorizontalSensitivity
0x2DD3F18	0x31FBCD8	MouseADSVerticalSensitivity
0x2DD3F48	0x31FBBF0	MouseFPHorizontalSensitivity
0x2DD3F78	0x31FBC10	MouseFPVerticalSensitivity
0x2DD3FA8	0x31FBC30	MouseVehicleHorizontalSensitivity
0x2DD3FD8	0x31FBC58	MouseVehicleVerticalSensitivity
0x2DD4008	0x31FBEA8	MouseSensitivity
0x2DD4038	0x31FBEC0	MouseADSSensitivity
0x2DD4068	0x31FBED8	MouseADSByScopeX1Sensitivity
0x2DD4098	0x31FBEF8	MouseADSByScopeX2Sensitivity
0x2DD40C8	0x31FBE58	MouseFPSensitivity
0x2DD40F8	0x31FBE70	MouseVehicleSensitivity
0x2DD4128	0x31FBD10	TelemetryDummy
0x2DD41E8	0x31FA568	kStickLeft
0x2DD4218	0x31FA538	kStickRight
0x2DD42B8	0x3126100	Action
0x2DD42C0	0x31FA8E4	act
0x2DD42F0	0x31FA8E8	vcl
0x2DD4318	0x31FA8F0	VehicleFloatingCart
0x2DD4320	0x31FA904	vfc
0x2DD4348	0x319630C	HUD
0x2DD4350	0x31FA8D0	hud
0x2DD4378	0x3114EC8	Menu
0x2DD4380	0x31FA8D4	mnu
0x2DD43A8	0x31FA8D8	MenuMap
0x2DD43B0	0x31FA8E0	mmp
0x2DD43D8	0x31FA898	ConstructionPoint
0x2DD43E0	0x31FA8AC	cns
0x2DD4408	0x31FA8B0	ConstructionPointCatapult
0x2DD4410	0x31FA8CC	cnc
0x2DD4440	0x31FA890	pvr
0x2DD4470	0x31FA894	non
0x2DD4518	0x31FA574	kPC
0x2DD4548	0x31FA578	kPS4
0x2DD4578	0x31FA580	kPS5
0x2DD45A8	0x31FA588	kMac
0x2DD45D8	0x31FA550	kIOS
0x2DD46B8	0x3186CB8	Version
0x2DD46E8	0x31FA880	GameDifficulty
0x2DD4718	0x31FA840	AutoLogin
0x2DD4748	0x31FA850	SyncGameObject
0x2DD4778	0x31FA860	ShowAvater
0x2DD47A8	0x31FA870	OdradekDemoSkip
0x2DD47D8	0x31FB078	PauseOnFocusLost
0x2DD4808	0x31FB090	ShowMarker
0x2DD4838	0x31FB0A0	ShowReticle
0x2DD4868	0x31FB0B0	ShowActionIcon
0x2DD4898	0x31FB020	ShowEquipmentIcon
0x2DD48C8	0x31FB038	ShowCorpusIcon
0x2DD48F8	0x31FB048	ShowTutorialTelop
0x2DD4928	0x31FB060	RestrictSignpost
0x2DD4958	0x31FAFC0	BtnIconSwitchType
0x2DD4988	0x31FAFD8	DandlingType
0x2DD49B8	0x31FAFE8	GamePadActionToggleADS
0x2DD49E8	0x31FB000	GamePadActionToggleSprint
0x2DD4A18	0x31FAF50	GamePadActionToggleWalk
0x2DD4A48	0x31FAF68	GamePadActionToggleCrouch
0x2DD4A78	0x31FAF88	GamePadActionToggleBreathStop
0x2DD4AA8	0x31FAFA8	GamePadActionToggleFP
0x2DD4AD8	0x31FB200	GamePadActionToggleGrab
0x2DD4B08	0x31FB218	GamePadActionToggleBrace
0x2DD4B38	0x31FB238	GamePadActionToggleVehicleBoost
0x2DD4B68	0x31FB258	GamePadActionToggleHUDAction
0x2DD4B98	0x31FB1A0	AimAssist
0x2DD4BC8	0x31FB1B0	StickInputDeadzone_L
0x2DD4BF8	0x31FB1C8	StickInputDeadzone_R
0x2DD4C28	0x31FB1E0	ControllerVibrationStrength
0x2DD4C58	0x31FB140	TriggerEffectStrength
0x2DD4C88	0x31FB158	GuardModeSensitiviness
0x2DD4CB8	0x31FB170	ControllHoldTime
0x2DD4CE8	0x31FB188	KBDControllHoldTime
0x2DD4D18	0x317BE50	MotionAimingEnabled
0x2DD4D48	0x317BD28	MotionAimingInvertYAxis
0x2DD4D78	0x317BD40	MotionAimingXAxisMode
0x2DD4DA8	0x31FB0C0	MotionAimingHorizontalSensitiveness
0x2DD4DD8	0x31FB0E8	MotionAimingVerticalSensitiveness
0x2DD4E08	0x31FB110	KBDActionToggleADS
0x2DD4E38	0x31FB128	KBDActionToggleSprint
0x2DD4E68	0x31FB3C0	KBDActionToggleWalk
0x2DD4E98	0x31FB3D8	KBDActionToggleCrouch
0x2DD4EC8	0x31FB3F0	KBDActionToggleBreathStop
0x2DD4EF8	0x31FB410	KBDActionToggleFP
0x2DD4F28	0x31FB358	KBDActionToggleGrab
0x2DD4F58	0x31FB370	KBDActionToggleBrace
0x2DD4F88	0x31FB388	KBDActionToggleVehicleBoost
0x2DD4FB8	0x31FB3A8	KBDActionAutoSprint
0x2DD4FE8	0x31FB2E0	KBDActionAutoVehicleBoost
0x2DD5018	0x31FB300	KBDActionWalkSensitivity
0x2DD5048	0x31FB320	KBDActionGuardModeSensitivity
0x2DD5078	0x31FB340	UseStylisedCursor
0x2DD50A8	0x31FB278	KBDActionToggleHUDAction
0x2DD50D8	0x31FB298	StickyCannonMission
0x2DD5108	0x31FB2B0	StickyCannonItem
0x2DD5138	0x31FB2C8	StickyCannonMaterial
0x2DD5168	0x31FB578	PhotoModeEnable
0x2DD5198	0x31FB588	UIKeyboardLayout
0x2DD51C8	0x31FB5A0	CameraVerticalInput
0x2DD51F8	0x31FB5B8	CameraHorizontalInput
0x2DD5228	0x31FB500	CameraVerticalSensitiviness
0x2DD5258	0x31FB520	CameraHorizontalSensitiviness
0x2DD5288	0x31FB540	GamePadCameraAssist
0x2DD52B8	0x31FB558	GamePadCameraAssistValue
0x2DD52E8	0x31FB490	CameraFPVerticalInput
0x2DD5318	0x31FB4A8	CameraFPHorizontalInput
0x2DD5348	0x31FB4C0	CameraFPVerticalSensitiviness
0x2DD5378	0x31FB4E0	CameraFPHorizontalSensitiviness
0x2DD53A8	0x31FB428	CameraTurnAccel
0x2DD53D8	0x31FB438	CameraTurnBreak
0x2DD5408	0x31FB448	GamePadCameraAssistOnVehicle
0x2DD5438	0x31FB468	GamePadCameraAssistValueOnVehicle
0x2DD5468	0x31FAA48	MouseCameraHorizontalInput
0x2DD5498	0x31FAA68	MouseCameraVerticalInput
0x2DD54C8	0x31FAA88	MouseCameraAssistOnVehicle
0x2DD54F8	0x31FAAA8	MouseCameraAssistAfterControllOnVehicle
0x2DD5528	0x31FA9D8	MouseCameraAssistValueOnVehicle
0x2DD5558	0x31FA9F8	MouseCameraControllOnVehicle
0x2DD5588	0x31FAA18	KeyboardCameraControllOnVehicle
0x2DD55B8	0x31FAA38	ShowSubtitling
0x2DD55E8	0x31FA970	ShowSubtitleSpeaker
0x2DD5618	0x31FA988	MasterVolumeSensitiviness
0x2DD5648	0x31FA9A8	SyncContructionSound
0x2DD5678	0x31FA9C0	ControllerSpeaker
0x2DD56A8	0x31FA908	ControllerSpeaker_Effect
0x2DD56D8	0x31FA928	SoundLocalization
0x2DD5708	0x31FA940	SoundLocalization_PSPlatform
0x2DD5738	0x30948E8	Brightness
0x2DD5768	0x31FA960	HDREnable
0x2DD5798	0x31FAC00	HDRBrightness
0x2DD57C8	0x31FAC10	WideMode
0x2DD57F8	0x31FAC20	GraphicSettingPriority
0x2DD5828	0x31FAC38	GraphicQuality
0x2DD5858	0x31FABA8	VisibleFPS
0x2DD5888	0x31FABB8	VisibleVRAM
0x2DD58B8	0x3193300	FontSize
0x2DD58E8	0x31FABC8	ExtremeDifficultyFlag
0x2DD5918	0x31FABE0	GamePadSwapDecideAndCancel
0x2DD5948	0x31FAB40	ControllerBtnIconType
0x2DD5978	0x31FAB58	PhotoModeKeepParams
0x2DD59A8	0x31FAB70	GameOverCountForHospitality
0x2DD59D8	0x31FAB90	UpdateInfoLastIndex
0x2DD5A08	0x31FAAD0	MouseCameraAssist
0x2DD5A38	0x31FAAE8	MouseCameraAssistValue
0x2DD5A68	0x31FAB00	MouseCameraFPVerticalInput
0x2DD5A98	0x31FAB20	MouseCameraFPHorizontalInput
0x2DD5AC8	0x31FADA8	MouseCameraVehicleVerticalInput
0x2DD5AF8	0x31FADC8	MouseCameraVehicleHorizontalInput
0x2DD5B28	0x31FADF0	MouseCameraTurnAccel
0x2DD5B58	0x31FAE08	MouseCameraTurnBreak
0x2DD5B88	0x31FAD30	CameraControllOnVehicle
0x2DD5BB8	0x31FAD48	GamePadMapCameraVerticalInput
0x2DD5BE8	0x31FAD68	GamePadMapCameraHorizontalInput
0x2DD5C18	0x31FAD88	GamePadMapCameraDirectionSave
0x2DD5C48	0x31FACB0	MouseMapCameraVerticalInput
0x2DD5C78	0x31FACD0	MouseMapCameraHorizontalInput
0x2DD5CA8	0x31FACF0	MouseMapCameraDirectionSave
0x2DD5CD8	0x31FAD10	TelemetryConfigViewedFlag
0x2DD5D08	0x31FAC48	HasPlayerProfileSaved
0x2DD5D38	0x31FAC60	GamePadCameraFPSensitiveType
0x2DD5D68	0x31FAC80	CameraLRPositionSwitching
0x2DD5D98	0x31FACA0	HDRGamma
0x2DD5DC8	0x31FAF08	TelemetryEnabled
0x2DD5DF8	0x31FAF20	TextLanguage
0x2DD5E28	0x31FAF30	VoiceLanguage
0x2DD5E58	0x31FAF40	NX_WINDOWMODE
0x2DD5E88	0x31FAEC0	NX_HDR_ENABLED
0x2DD5EB8	0x31FAED0	NX_HDR_MAX_NITS
0x2DD5EE8	0x31FAEE0	NX_HDR_PAPER_WHITE
0x2DD5F18	0x31FAEF8	NX_HDR_GAMMA
0x2DD5F48	0x31FAE68	NX_HDR_BRIGHTNESS
0x2DD5F78	0x31FAE80	NX_VSYNC
0x2DD5FA8	0x31FAE90	NX_REFRESH_RATE
0x2DD5FD8	0x31FAEA0	NX_LATENCY_REDUCTION_MODE
0x2DD6008	0x31FAE20	NX_MAX_GENERATED_FRAMES
0x2DD6038	0x31FAE38	NX_FRAMEGEN
0x2DD6068	0x31FAE48	NX_RESOLUTION
0x2DD6098	0x31FAE58	NX_ASPECT_RATIO
0x2DD60C8	0x31FBA68	NX_LETTERBOX_CINEMATICS
0x2DD60F8	0x31FBA80	NX_DISPLAY
0x2DD6128	0x31FBA8C	NX_DRS
0x2DD6158	0x31FBA98	NX_UPSCALE_METHOD
0x2DD6188	0x31FBA18	NX_UPSCALE_QUALITY
0x2DD61B8	0x31FBA30	NX_UPSCALE_SHARPNESS
0x2DD61E8	0x31FBA48	NX_BRIGHTNESS
0x2DD6218	0x31FBA58	NX_CONTRAST
0x2DD6248	0x31FB9D8	NX_PRESET
0x2DD6278	0x31FB9E8	NX_BLOOM
0x2DD62A8	0x31FB9F8	NX_VIGNETTE
0x2DD62D8	0x31FBA08	NX_LENSFLARES
0x2DD6308	0x31FB990	NX_FOV_CORRECTION
0x2DD6338	0x31FB9A8	NX_MOTIONBLUR
0x2DD6368	0x31FB9B8	NX_SHARPNESS
0x2DD6398	0x31FB9C8	NX_REFLECTIONS
0x2DD63C8	0x31FBB90	NX_TEXTUREQUALITY
0x2DD63F8	0x31FBBA8	NX_ANISOTROPICFILTER
0x2DD6428	0x31FBBC0	NX_SHADOWQUALITY
0x2DD6458	0x31FBBD8	NX_SHADOWRESOLUTION
0x2DD6488	0x31FBB60	NX_DOF
0x2DD64B8	0x31FBB68	NX_LOD
0x2DD64E8	0x31FBB70	NX_AO
0x2DD6518	0x31FBB78	NX_TRANSLUCENCY_QUALITY
0x2DD6548	0x31FBB08	NX_TERRAIN_QUALITY
0x2DD6578	0x31FBB20	NX_CLOUDS_QUALITY
0x2DD65A8	0x31FBB38	NX_LIGHTING
0x2DD65D8	0x31FBB48	NX_SCREENSPACESHADOWS
0x2DD6608	0x31FBAB0	SoundDevice
0x2DD6638	0x31FBAC0	SoundDeviceForBB
0x2DD6668	0x31FBAD8	ControllerSpeaker_Volume
0x2DD6698	0x31FBAF8	SDRSetting
0x2DD66C8	0x31FBD38	HDRSetting
0x2DD66F8	0x31FBD48	KeyAssign
0x2DD6728	0x31FBD58	SteamInput
0x2DD6758	0x31FBD68	PsnSignIn
0x2DD6788	0x31FBCF8	PsnLink
0x2DD67B8	0x31FBD00	PsnUnlink
0x2DD6818	0x31FBD20	NX_SHOW_LAUNCHER
0x2DD6878	0x31FC440	OnRewardOpen
0x2DD68A8	0x31FC450	ManualOrAutoSaveStart
0x2DD68D8	0x31FC468	SaveDataLoadStart
0x2DD6908	0x31FC480	NewGame
0x2DD6938	0x31FC668	MissionEventBeforeEnding
0x2DD6968	0x31FC688	MissionEventAfterEnding
0x2DD6998	0x31FC6A0	MissionEventLastMission
0x2DD69C8	0x31FC6B8	GetPlatinumTrophy
0x2DD69F8	0x31FC628	EndResultFlow
0x2DD6A28	0x31FC638	BeatOtherAreaEnemy
0x2DD6AB8	0x31FC650	FaintOrSleep
0x2DD6AE8	0x31FC4C8	TERMINATOR
0x2DD6B28	0x31FB6B8	kDSVB_None
0x2DD6B58	0x31FB6C8	kDSVB_Decide
0x2DD6B88	0x31FB630	kDSVB_Cancel
0x2DD6BB8	0x31FB640	kDSVB_COMPASS_FOCUS_LR
0x2DD6BE8	0x31FB658	kDSVB_L_STICK
0x2DD6C18	0x31FB668	kDSVB_L_STICK_LEFT
0x2DD6C48	0x31FB5D0	kDSVB_L_STICK_RIGHT
0x2DD6C78	0x31FB5E8	kDSVB_L_STICK_UP
0x2DD6CA8	0x31FB600	kDSVB_L_STICK_DOWN
0x2DD6CD8	0x31FB618	kDSVB_L_STICK_ROTATE
0x2DD6D08	0x31FB840	kDSVB_R_STICK
0x2DD6D38	0x31FB850	kDSVB_R_STICK_LEFT
0x2DD6D68	0x31FB868	kDSVB_R_STICK_RIGHT
0x2DD6D98	0x31FB880	kDSVB_R_STICK_UP
0x2DD6DC8	0x31FB7F0	kDSVB_R_STICK_DOWN
0x2DD6DF8	0x31FB808	kDSVB_R_STICK_ROTATE
0x2DD6E28	0x31FB820	kDSVB_UP_DOWN
0x2DD6E58	0x31FB830	kDSVB_RUMBLE
0x2DD6E88	0x31FB788	kDSVB_CAMERA_ACTION
0x2DD6EB8	0x31FB7A0	kDSVB_SelectorItemSelect
0x2DD6EE8	0x31FB7C0	kDSVB_SelectorPageChange
0x2DD6F18	0x31FB7E0	kDSVB_MoveToX
0x2DD6F48	0x31FB708	kDSVB_LookToX
0x2DD6F78	0x31FB718	kDSVB_MotionSensor_Shake
0x2DD6FA8	0x31FB738	kDSVB_CrossSelectorHUD_SwitchItem
0x2DD6FD8	0x31FB760	kDSVB_CrossSelectorHUD_SwitchRigSlot
0x2DD7008	0x31FB8D8	kDSVB_DemoChoicesHUD_Select
0x2DD7038	0x31FB8F8	kDSVB_PrivateRoomPhotoHUD_FocalDistance
0x2DD7068	0x31FB920	kDSVB_PrivateRoomPhotoHUD_RotateCamera
0x2DD7098	0x31FB948	kDSVB_PrivateRoom_DollmanDanceLightSwitch
0x2DD70C8	0x31FB898	kDSVB_PrivateRoom_TurnWeapon
0x2DD70F8	0x31FB8B8	kDSVB_WatchTower_DrawLine
0x2DD7178	0x31FB978	OnManualOrAutoSaveStart
0x2DD71A8	0x31FC3F8	OnSaveDataLoadStart
0x2DD71D8	0x31FC410	OnStartNewGame
0x2DD7208	0x31FC420	OnMainStart
0x2DD7238	0x31FC430	OnMainTodoStart
0x2DD7268	0x31FC3B8	OnMainTodoEnd
0x2DD7298	0x31FC3C8	OnMainSuccess
0x2DD72C8	0x31FC3D8	OnSubStart
0x2DD72F8	0x31FC3E8	OnSubTodoStart
0x2DD7328	0x31FC378	OnSubTodoEnd
0x2DD7358	0x31FC388	OnSubSuccess
0x2DD7388	0x31FC398	OnFreeStart
0x2DD73B8	0x31FC3A8	OnFreeTodoStart
0x2DD73E8	0x31FC328	OnFreeTodoEnd
0x2DD7418	0x31FC338	OnFreeSuccess
0x2DD7448	0x31FC348	OnStandardOrderSuccess
0x2DD7478	0x31FC360	OnAidRequestSuccess
0x2DD74A8	0x31FC518	OnGetPlatinumTrophy
0x2DD74D8	0x31FC530	OnEndResultFlow
0x2DD7508	0x31FC540	OnBeatOtherAreaEnemy
0x2DD7538	0x31FC558	OnGameOver
0x2DD7568	0x31FC4D8	OnPlayerDied
0x2DD7598	0x31FC4E8	OnFaintOrSleep
0x2DD75C8	0x31FC4F8	OnEnding
0x2DD75F8	0x31FC508	OnEndViewEnding
0x2DD7628	0x31FC488	OnManualSaveStart
0x2DD7658	0x31FC4A0	OnAutoSaveStart
0x2DD7688	0x31FC4B0	OnQuickSaveStart
0x2DD7738	0x31FA558	kQWERTY
0x2DD7768	0x31FA560	kAZERTY
0x2DD77A8	0x31FDD18	STATE_NONE
0x2DD77D8	0x31FDD08	STATE_COUNT_RUN
0x2DD7808	0x31FDD40	STATE_COUNT_PAUSE
0x2DD7838	0x31FDD28	STATE_COUNT_STANDBY
0x2DD7868	0x31FE308	STATE_COUNT_END
0x2DD78A8	0x31FDDE0	SceneRunnningTime
0x2DD78D8	0x31FDE10	UserPlay_MissionTime
0x2DD7908	0x31FDDF8	UserPlay_InGameTime
0x2DD7938	0x31FDD80	MissionEventTime
0x2DD7968	0x31FDD58	MissionEventTime_StopPrivateRoom
0x2DD7998	0x31FDDC0	MissionEventTime_UserAwayStop
0x2DD79C8	0x31FDD98	MissionEventTime_StopRaceOrFiringRange
0x2DD7B58	0x31FDCA8	AllowInsideBTArea
0x2DD7B88	0x31FDCF0	AllowInsideEnemyArea
0x2DD7BB8	0x31FDCD8	AllowInAnyGameState
0x2DD7BE8	0x31FDC58	AllowCountDownMissionEventTimer
0x2DD7C18	0x31FDC48	WaitFade
0x2DD7C48	0x31FDC90	AllowPrivateRoom
0x2DD7C78	0x31FDC78	TerminalAutoSave
0x2DD7D38	0x31FE200	BTEncounter
0x2DD7D68	0x31FE1F0	EnemyArea
0x2DD7D98	0x31FE220	RideVehicle
0x2DD7DC8	0x31FE210	PoisonArea
0x2DD7DF8	0x31FE1C0	FallingSam
0x2DD7E28	0x31FE1B0	Adrenaline
0x2DD7E58	0x31FE1E8	InWater
0x2DD7EB8	0x31FE1D0	WaitSavingByGame
0x2DD7EE8	0x31FDA88	WaitSavingBySystem
0x2DD7F18	0x31FDA70	CancelSavingByGame
0x2DD7F48	0x31FDAB0	CancelSavingBySystem
0x2DD7F78	0x31FDAA0	IsLoading
0x2DD7FA8	0x31FDA28	DisableAutosaveByFact
0x2DD7FD8	0x31FDA10	DisableSaveByFact
0x2DD8008	0x31FDA58	MovingSamBaggages
0x2DD8038	0x31FDA40	BusyBaggageManager
0x2DD8068	0x31FD9E0	BusyLostBaggageSystem
0x2DD8098	0x31FD9C8	BaggageInTarSwamp
0x2DD80C8	0x31FDA08	ZipLine
0x2DD80F8	0x31FD9F8	InFiringRange
0x2DD8128	0x31FD988	InDanger
0x2DD8158	0x31FD970	InDSPreparationPhase
0x2DD8188	0x31FD9B0	BusyMissionSystem
0x2DD81E8	0x31FD998	BusyParkingManager
0x2DD8218	0x31FDBC0	BeginCountDown
0x2DD8248	0x31FDBA8	InconvenientAction
0x2DD8278	0x31FDBE0	Wildfire
0x2DD82A8	0x31FDBD0	OutOfArea
0x2DD82D8	0x31FDB70	Earthquake
0x2DD8308	0x31FDB58	RunForbidSaveTimer
0x2DD8338	0x31FDB90	BusyConstructionManager
0x2DD8368	0x31FDB80	RideBike
0x2DD8398	0x31FDB20	BusyAidRequestStart
0x2DD83C8	0x31FDB10	CCEncounter
0x2DD83F8	0x31FDB48	TheMuleRunning
0x2DD8428	0x31FDB38	UsingCatapult
0x2DD8458	0x31FDAD8	BeachArea
0x2DD8488	0x31FDAC8	WeaponReloading
0x2DD84B8	0x31FDB00	OnStrandObject
0x2DD84E8	0x31FDAE8	OutOfPrivateRoomByFact
0x2DD8518	0x31FDCC0	WaitingChangeSection
0x2DD8588	0x31FEDC8	PE_Idle
0x2DD85B8	0x31FEDD8	PE_TimeUp
0x2DD85E8	0x31FEDD0	PE_NG
0x2DD8618	0x31FEED0	PE_OK
0x2DD8648	0x31FEEC0	PE_ChangeSpot
0x2DD8678	0x31FEEE0	PE_Quit
0x2DD86E8	0x31FEED8	PS_None
0x2DD8718	0x31FEE98	PS_Aisle
0x2DD8748	0x31FEE88	PS_Armory
0x2DD8778	0x31FEEB0	PS_Bridge
0x2DD87A8	0x31FEEA8	PS_Deck
0x2DD87D8	0x31FEE58	PS_TomorrowRoom
0x2DD8808	0x31FEE40	PS_AnimalShelter
0x2DD8838	0x31FEE78	PS_Cancel
0x2DD88F8	0x309A9C0	Unknown
0x2DD8928	0x31F5D2C	Person
0x2DD8958	0x3186D1C	Enemy
0x2DD8988	0x31FF32C	Mech
0x2DD89B8	0x31FF320	Creature
0x2DD89E8	0x31FF348	Ability
0x2DD8A18	0x31FF338	Technique
0x2DD8A48	0x31FE168	Facility
0x2DD8AA8	0x31FF300	Place
0x2DD8B08	0x31FF2F8	Tool
0x2DD8B38	0x3097CA8	Function
0x2DD8B68	0x31FF310	Organization
0x2DD8B98	0x31FF308	Society
0x2DD8BC8	0x31FF4FC	Nature
0x2DD8BF8	0x317B300	System
0x2DD8C28	0x31FF4F0	Business
0x2DD8C58	0x31FF518	Symptoms
0x2DD8C88	0x31FF508	Synopsis
0x2DD8CE8	0x316E578	Weapons
0x2DD8D18	0x31FF4D0	Gears
0x2DD8D48	0x31FF4C0	DeliveryTools
0x2DD8D78	0x31FF4E0	Supplies
0x2DD8DA8	0x31FF4D8	Support
0x2DD8E08	0x31FF470	MissionInstruction
0x2DD9268	0x31FE800	PTC_None
0x2DD9298	0x31FE838	PTC_Tomorrow
0x2DD92C8	0x31FE828	PTC_Fragile
0x2DD92F8	0x31FE7D0	PTC_Rainy
0x2DD9328	0x31FE7C0	PTC_Heartman
0x2DD9358	0x31FE7F0	PTC_Tarman
0x2DD9388	0x31FE7E0	PTC_Dollman
0x2DD93B8	0x31FE790	PTC_Diehardman
0x2DD93E8	0x31FE788	PTC_Cat
0x2DD9418	0x31FE7B0	PTC_Charlie
0x2DD9458	0x31FEE68	PT_Full_Default
0x2DD9488	0x31FEE00	PT_Temp_Default
0x2DD94B8	0x31FEDE8	PT_Mini_Default_1
0x2DD94E8	0x31FEE28	PT_Mini_Default_2
0x2DD9518	0x31FEE10	PT_Mini_Default_3
0x2DD9548	0x31FE810	PT_Mini_Default_4
0x2DD95D8	0x31FE770	PB_None
0x2DD9608	0x31FE970	PB_Women_Center
0x2DD9638	0x31FE958	PB_Heartman_Like
0x2DD9668	0x31FE990	PB_Diehardman_Pass
0x2DD9698	0x31FE980	PB_Tarman_Cat
0x2DD96C8	0x31FE928	PB_Dollman_Cat
0x2DD96F8	0x31FE918	PB_Charlie_Face
0x2DD9738	0x31FE950	PN_None
0x2DD9768	0x31FE938	PN_Tomorrow_ShutEyes
0x2DD9798	0x31FE8D0	PN_Fragile_ShutEyes
0x2DD97C8	0x31FE8B8	PN_Rainy_ShutEyes
0x2DD97F8	0x31FE900	PN_Tomorrow_FrameOut
0x2DD9828	0x31FE8E8	PN_Fragile_FrameOut
0x2DD9858	0x31FE868	PN_Rainy_FrameOut
0x2DD9888	0x31FE848	PN_Tomorrow_NoLookAtCamera
0x2DD98B8	0x31FE898	PN_Fragile_NoLookAtCamera
0x2DD98E8	0x31FE880	PN_Rainy_NoLookAtCamera
0x2DD9928	0x31FE7A0	PTP_Face
0x2DD9958	0x31FE760	PTP_Body
0x2DD9988	0x31FE750	PTP_Hand
0x2DD99B8	0x31FE778	PTP_Center
0x2DD9F68	0x31F4840	Highway
0x2DD9F98	0x3201E40	Mine
0x2DD9FC8	0x3201E48	Monorail
0x2DDA0A8	0x31ECB68	Catapult
0x2DDA0D8	0x3141EB0	Mission
0x2DDA158	0x3201E58	Rebuild
0x2DDA188	0x3201E60	Mined
0x2DDA1C8	0x3201B80	PublicBox
0x2DDA228	0x3201B68	Helper0
0x2DDA258	0x3201B48	Helper1
0x2DDA288	0x3201B50	Helper2
0x2DDA2B8	0x3201B28	Helper3
0x2DDA2E8	0x3201B30	NightmareHelper0
0x2DDA318	0x3201AF8	NightmareHelper1
0x2DDA348	0x3201B10	NightmareHelper2
0x2DDA378	0x3201AC8	NightmareHelper3
0x2DDA3A8	0x3201AE0	LastStrandingHelper0
0x2DDA3D8	0x3201A98	LastStrandingHelper1
0x2DDA408	0x3201AB0	LastStrandingHelper2
0x2DDA438	0x3201D08	LastStrandingHelper3
0x2DDA468	0x3201D20	Helper4
0x2DDA498	0x3201CD8	NightmareHelper4
0x2DDA4C8	0x3201CF0	LastStrandingHelper4
0x2DDA4F8	0x3201CA0	NightmareRankingBloodPack
0x2DDA528	0x3201CC0	NightmareRankingGun
0x2DDA558	0x3201C60	NightmareRankingGrenadek
0x2DDA588	0x3201C80	NightmareRankingSpecials
0x2DDA5B8	0x3201C28	NightmareRankingAssult
0x2DDA5E8	0x3201C40	NightmareRankingBloodPackWhale
0x2DDA618	0x3201BE8	NightmareRankingGunWhale
0x2DDA648	0x3201C08	NightmareRankingGrenadekWhale
0x2DDA678	0x3201BA8	NightmareRankingSpecialsWhale
0x2DDA6A8	0x3201BC8	NightmareRankingAssultWhale
0x2DDA6D8	0x3201B90	SignalBullet
0x2DDA768	0x3201A40	Lost_Private
0x2DDA798	0x3201A00	Lost_Mission_Static
0x2DDA7C8	0x3201A18	Lost_Mission_Dynamic
0x2DDA7F8	0x32019E0	Request_Supply
0x2DDA828	0x32019F0	Request_Collect
0x2DDA858	0x32019B8	Request_Exterminate
0x2DDA888	0x32019D0	Request_Build
0x2DDA8B8	0x3201998	Request_Upgrade
0x2DDA8E8	0x32019A8	Request_Agent
0x2DDA928	0x3201B70	Available
0x2DDA958	0x30ACF28	Cancel
0x2DDA988	0x3115690	Success
0x2DDA9B8	0x3201980	Failed
0x2DDA9E8	0x3201988	Returned
0x2DDAA18	0x3201970	Used
0x2DDAA48	0x3201978	Adds
0x2DDAA78	0x3201950	LocalWaiting
0x2DDAAA8	0x3201960	LocalIgnored
0x2DDAFF8	0x3170590	Water
0x2DDB028	0x3203B88	ChiralCrystal
0x2DDB088	0x3203B98	BloodPack
0x2DDB0B8	0x3203B74	Boots
0x2DDB118	0x3203B7C	Mask
0x2DDB148	0x3203B68	Glove
0x2DDB178	0x3203B70	Cap
0x2DDB1A8	0x3203B58	Glasses
0x2DDB1D8	0x3203B60	Bandana
0x2DDB208	0x3203B48	Floater
0x2DDB238	0x3203B50	BTCore
0x2DDB268	0x3203B28	OdradekLight
0x2DDB298	0x3203B38	HeatUnit
0x2DDB2C8	0x3203C98	Harmonica
0x2DDB458	0x32047C4	Clear
0x2DDB488	0x32047A4	Yellow
0x2DDB4B8	0x32047AC	Red
0x2DDB4E8	0x3204084	Blue
0x2DDB558	0x3203CA8	BattleSkeleton
0x2DDB588	0x3203C78	BoostSkeleton
0x2DDB5B8	0x3203C88	PorterSkeleton
0x2DDB5E8	0x3203C50	ShoeSoleGrass
0x2DDB648	0x3203C60	ClimbingPowerGlove
0x2DDB678	0x3203C28	CombatPowerGlove
0x2DDB6D8	0x3203C40	FaceMask
0x2DDB738	0x3203C08	NormalBoots
0x2DDB768	0x3203C18	SupportSkeleton
0x2DDB798	0x3203BE8	SpeedSkeleton
0x2DDB7C8	0x3203BF8	PowerSkeleton
0x2DDB7F8	0x3203BC8	BalanceSkeleton
0x2DDB9E8	0x32018F4	Level1
0x2DDBA18	0x32018C8	Level2
0x2DDBA48	0x32018D0	Level3
0x2DDBA78	0x3204ED0	DeadReady
0x2DDBAA8	0x31A2EDC	Dead
0x2DDBC08	0x3203BD8	WaterLv2
0x2DDBCC8	0x3203BA8	Chronobiosis
0x2DDBD28	0x3203BB8	Chlorobiosis
0x2DDBD58	0x3203DB8	Necrobiosis
0x2DDBDB8	0x3203DC8	BloodPackLarge
0x2DDBDE8	0x3203D90	TransporterBoots
0x2DDBE18	0x3203DA8	TrekkingBoots
0x2DDBE48	0x3203D70	CombatBoots
0x2DDBE78	0x3203D80	SneakingBoots
0x2DDBEA8	0x3203D50	BanditBoots
0x2DDBED8	0x3203D60	BrigandBoots
0x2DDBF08	0x3203D30	TerroristBoots
0x2DDBF38	0x3203D40	AbsoluteBoots
0x2DDBF68	0x3203D10	MuleBoots
0x2DDBF98	0x3203D20	PizzeriaBoots
0x2DDBFC8	0x3203CE8	AllReflectorBoots
0x2DDBFF8	0x3203D00	ChiralBoots
0x2DDC028	0x3203CB8	BattleSkeletonLv1
0x2DDC058	0x3203CD0	BattleSkeletonLv2
0x2DDC088	0x3203F00	BattleSkeletonLv3
0x2DDC0B8	0x3203F18	BoostSkeletonLv1
0x2DDC0E8	0x3203ED0	BoostSkeletonLv2
0x2DDC118	0x3203EE8	BoostSkeletonLv3
0x2DDC148	0x3203EA0	PorterSkeletonLv1
0x2DDC178	0x3203EB8	PorterSkeletonLv2
0x2DDC1A8	0x3203E78	PorterSkeletonLv3
0x2DDC1D8	0x3203E90	FloaterLv1
0x2DDC208	0x3203E58	FloaterLv2
0x2DDC238	0x3203E68	EnemyFloater
0x2DDC268	0x3203E30	OxygenMask
0x2DDC298	0x3203E40	ClimbingPowerGloveLv1
0x2DDC2C8	0x3203E00	ClimbingPowerGloveLv2
0x2DDC2F8	0x3203E18	CombatPowerGloveLv1
0x2DDC328	0x3203DD8	CombatPowerGloveLv2
0x2DDC358	0x3203DF0	PowerGlove
0x2DDC388	0x3204548	GravityGlove
0x2DDC3B8	0x3204558	WhyMeCap
0x2DDC3E8	0x3204530	DrawBridgeCap
0x2DDC418	0x3204540	KjpCap
0x2DDC448	0x3204508	SantaCap
0x2DDC478	0x3204518	LudensMaskSunGlasses
0x2DDC4A8	0x32044F0	SamSunGlasses
0x2DDC4D8	0x3204500	Goggles
0x2DDC508	0x32044D0	AmelieMask
0x2DDC538	0x32044E0	GoldMask
0x2DDC568	0x32044A8	YoteiMask
0x2DDC598	0x32044B8	HeartmanGlassesNormal
0x2DDC5C8	0x3204478	HeartmanGlassesHeart
0x2DDC5F8	0x3204490	HeartmanGlassesStar
0x2DDC628	0x3204450	HeartmanGlassesBlind
0x2DDC658	0x3204468	DeadmanGlasses
0x2DDC688	0x3204648	CollaboGlassesA
0x2DDC6B8	0x3204658	CollaboGlassesB
0x2DDC6E8	0x3204620	BTCoreOctopus
0x2DDC718	0x3204630	BTCoreOctopusLarva
0x2DDC748	0x3204600	BTCoreQuad
0x2DDC778	0x3204610	BTCoreTitan
0x2DDC7A8	0x32045E0	BTCoreWhale
0x2DDC7D8	0x32045F0	BTCoreHand
0x2DDC808	0x32045C0	BTCoreRay
0x2DDC838	0x32045D0	BTCoreCrab
0x2DDC868	0x32045A0	BareFoot
0x2DDC8C8	0x32045B0	OtterHood
0x2DDC928	0x3204580	CamelHood
0x2DDC958	0x3204590	PizzeriaCap
0x2DDC988	0x3204568	AraenaeCap
0x2DDC9B8	0x3204574	RatCap
0x2DDC9E8	0x3204788	KnittedHat
0x2DDCA18	0x3204798	RabbitCap
0x2DDCA78	0x3204770	AsusCap
0x2DDCAA8	0x3204778	NeilBandana
0x2DDCAD8	0x3204750	BlueBandana
0x2DDCB08	0x3204760	RedBandana
0x2DDCB38	0x3204728	VictoryBandana
0x2DDCB68	0x3204738	BattleSkeletonLv1_Gold
0x2DDCB98	0x32046F8	BattleSkeletonLv2_Gold
0x2DDCBC8	0x3204710	BattleSkeletonLv3_Gold
0x2DDCBF8	0x32046C8	BoostSkeletonLv1_Gold
0x2DDCC28	0x32046E0	BoostSkeletonLv2_Gold
0x2DDCC58	0x3204698	BoostSkeletonLv3_Gold
0x2DDCC88	0x32046B0	PorterSkeletonLv1_Gold
0x2DDCCB8	0x3204668	PorterSkeletonLv2_Gold
0x2DDCCE8	0x3204680	PorterSkeletonLv3_Gold
0x2DDCD18	0x32048F0	BattleSkeletonLv1_Shilver
0x2DDCD48	0x3204910	BattleSkeletonLv2_Shilver
0x2DDCD78	0x32048B0	BattleSkeletonLv3_Shilver
0x2DDCDA8	0x32048D0	BoostSkeletonLv1_Shilver
0x2DDCDD8	0x3204870	BoostSkeletonLv2_Shilver
0x2DDCE08	0x3204890	BoostSkeletonLv3_Shilver
0x2DDCE38	0x3204830	PorterSkeletonLv1_Shilver
0x2DDCE68	0x3204850	PorterSkeletonLv2_Shilver
0x2DDCE98	0x3204800	PorterSkeletonLv3_Shilver
0x2DDCEC8	0x3204820	NormalBootsLv1
0x2DDCEF8	0x32047D0	SupportSkeletonLv1
0x2DDCF28	0x32047E8	SpeedSkeletonLv1
0x2DDCF58	0x32047B0	PowerSkeletonLv1
0x2DDD058	0x32077F4	Locked
0x2DDD088	0x3207220	Personal
0x2DDD0B8	0x3207210	Discarded
0x2DDD0E8	0x3207200	DummyBaggage
0x2DDD118	0x32071F0	NonBaggage
0x2DDD148	0x32071D8	DestructionTarget
0x2DDD178	0x32075E0	Bridges
0x2DDD208	0x32075D4	CDPR_J
0x2DDD238	0x32075C8	HalfLife_1
0x2DDD268	0x32075B8	HalfLife_2
0x2DDD318	0x320770C	Frange
0x2DDD348	0x3207700	PlateGate
0x2DDD378	0x32076E8	PlateGateWithM80
0x2DDD3A8	0x32076D8	Nirvana1
0x2DDD3D8	0x32076C8	Nirvana2
0x2DDD408	0x32076B8	Nirvana3
0x2DDD438	0x32076B0	VsHiggs
0x2DDD468	0x32076A0	AfterSnowMex
0x2DDD498	0x3207690	AfterEnding
0x2DDD4C8	0x3207678	BeachWithPresident
0x2DDD4F8	0x3207668	RematchNirvana1
0x2DDD528	0x3207658	RematchNirvana2
0x2DDD558	0x3207648	RematchNirvana3
0x2DDD608	0x3098108	Normal
0x2DDD638	0x32071D0	Fragile
0x2DDD668	0x32071C0	Delicate
0x2DDD698	0x319D370	Danger
0x2DDD6C8	0x32071A8	SensitiveToTimefall
0x2DDD728	0x3207198	LivingThing
0x2DDD758	0x3207180	MustKeepHorizontally
0x2DDD788	0x3207174	Cool
0x2DDD7B8	0x3207168	Danger_Cool
0x2DDD808	0x31FE040	Crystal
0x2DDD838	0x31FDF88	Resin
0x2DDD868	0x31FDF80	Metal
0x2DDD898	0x31FDFA8	Ceramic
0x2DDD8C8	0x31FDF90	ChemicalSubstance
0x2DDD8F8	0x31FE178	SpecialAlloy
0x2DDD928	0x313C6E8	Max
0x2DDD988	0x3207490	FriendShipUILevel1
0x2DDD9B8	0x3207478	FriendShipUILevel2
0x2DDD9E8	0x3207460	FriendShipUILevel3
0x2DDDA18	0x3207448	FriendShipUILevel4
0x2DDDA48	0x3207430	FriendShipUILevel5
0x2DDDAA8	0x3207408	MissionClearOrFriendShipUILevel1
0x2DDDAD8	0x32073E0	MissionClearOrFriendShipUILevel2
0x2DDDB08	0x32073B8	MissionClearOrFriendShipUILevel3
0x2DDDB38	0x3207390	MissionClearOrFriendShipUILevel4
0x2DDDB68	0x3207368	MissionClearOrFriendShipUILevel5
0x2DDDBF8	0x3207350	DeliveryOfLostBaggage
0x2DDDC28	0x32075E8	Unique
0x2DDDCF8	0x31BD630	Post
0x2DDDD28	0x32074F0	SafetyHouse
0x2DDDD58	0x32074D8	BackPackCustomize
0x2DDDDB8	0x32074C0	VehicleCustomize
0x2DDDDE8	0x32074A8	CostumeCustomize
0x2DDDE18	0x3115734	All
0x2DDDE88	0x3205F38	FrontBack
0x2DDDEF8	0x3207148	LiquidOnly
0x2DDDF28	0x316A59C	Weapon
0x2DDDFB8	0x320782C	BBPod
0x2DDDFE8	0x3207140	BodyBag
0x2DDE018	0x31F32C8	Material
0x2DDE048	0x3207134	Cart
0x2DDE078	0x3207338	ConstractionMachine
0x2DDE0A8	0x31721A4	Ladder
0x2DDE138	0x3207328	SmallDelicate
0x2DDE168	0x3207318	ToxicGas
0x2DDE1C8	0x320730C	Pizza
0x2DDE228	0x3207300	Coffinboard
0x2DDE3B8	0x32075AC	Gray
0x2DDE3E8	0x32075A4	Orange
0x2DDE418	0x320759C	Purple
0x2DDE478	0x3122678	Empty
0x2DDE4A8	0x311E478	l100_mex
0x2DDE4D8	0x32066F8	l200_aus
0x2DDE508	0x32066E8	l300_usa
0x2DDE538	0x32068B8	l310_usa
0x2DDE568	0x32068A8	l400_nr1
0x2DDE598	0x3206898	l500_nr2
0x2DDE5C8	0x3206888	l600_nr3
0x2DDE5F8	0x3206878	l700_bea
0x2DDE628	0x3206868	l710_bea
0x2DDE658	0x3206858	l800_fra
0x2DDE688	0x3206848	l900_wtl
0x2DDE6B8	0x3206838	l910_sea
0x2DDE6E8	0x3206834	_#0
0x2DDE718	0x3206830	_#1
0x2DDE748	0x320682C	_#2
0x2DDE778	0x3206828	_#3
0x2DDE7A8	0x3206824	_#4
0x2DDE7D8	0x3206820	_#5
0x2DDE808	0x320681C	_#6
0x2DDE838	0x3207644	_#7
0x2DDE868	0x320763C	_#7b
0x2DDE898	0x3207638	_#8
0x2DDE8C8	0x3207634	_#z
0x2DDE8F8	0x320762C	_#ct
0x2DDE928	0x3207624	_#t00
0x2DDE958	0x320761C	_#t01
0x2DDE988	0x3207614	_#t02
0x2DDE9B8	0x320760C	_#ttt
0x2DDE9E8	0x3207608	_#9
0x2DDEA18	0x3207604	_#a
0x2DDEA48	0x3207600	_#b
0x2DDEA78	0x32075FC	_#c
0x2DDEAA8	0x32075F8	_#d
0x2DDEAD8	0x32075F4	_#e
0x2DDEB08	0x32075F0	_#f
0x2DDEB38	0x3207718	_#g
0x2DDEB68	0x3207158	Commodity
0x2DDEBF8	0x3160A48	Special
0x2DDEC78	0x3130848	Sound
0x2DDECA8	0x315506C	Holo
0x2DDECD8	0x3130BC8	Voice
0x2DDED58	0x312DC38	Capsule
0x2DDED88	0x312DC20	Sphere
0x2DDEDE8	0x3206DB8	_#ApasEnhancementLvUniqNo_0001_0
0x2DDEE18	0x3206D90	_#ApasEnhancementLvUniqNo_0002_0
0x2DDEE48	0x3206D68	_#ApasEnhancementLvUniqNo_0003_0
0x2DDEE78	0x3206D40	_#ApasEnhancementLvUniqNo_0005_0
0x2DDEEA8	0x3206D18	_#ApasEnhancementLvUniqNo_0006_0
0x2DDEED8	0x3206CF0	_#ApasEnhancementLvUniqNo_0007_0
0x2DDEF08	0x3206CC8	_#ApasEnhancementLvUniqNo_0008_0
0x2DDF048	0x32072F4	LL
0x2DDF078	0x32072F0	2L
0x2DDF0A8	0x32072EC	3L
0x2DDF0D8	0x32072E8	4L
0x2DDF108	0x32072E0	Human
0x2DDF1A8	0x32072F8	Mex
0x2DDF1D8	0x30CBDD4	Aus
0x2DDF208	0x32072C0	DisabledBringIntoNirvanaArea
0x2DDF238	0x32072A0	DisabledBringIntoNirvanaArea2
0x2DDF268	0x3207280	DisabledBringIntoNirvanaArea3
0x2DDF298	0x3207258	DisabledBringBackFromNirvanaArea
0x2DDF2C8	0x3207230	ProhibitedMagellanSailingDelivery
0x2DDF2F8	0x3207500	MissionNoOnline
0x2DDF348	0x32078B0	DeliveryMachine
0x2DDF408	0x3207890	BackPack
0x2DDF468	0x3207878	CostumeSunGlasses
0x2DDF498	0x3207868	CostumeMask
0x2DDF4C8	0x3207858	CostumeCap
0x2DDF4F8	0x3207848	CostumeHood
0x2DDF528	0x3207838	CostumeSuit
0x2DDF588	0x3207818	CostumeHairColor
0x2DDF5B8	0x3207808	Magellan
0x2DDF5E8	0x3207800	Dollman
0x2DDF638	0x3206390	_#ApasEnhancementUniqNo_0000_0
0x2DDF668	0x3206370	_#ApasEnhancementUniqNo_9000_1
0x2DDF698	0x3206350	_#ApasEnhancementUniqNo_9000_2
0x2DDF6C8	0x3206330	_#ApasEnhancementUniqNo_9000_3
0x2DDF6F8	0x3206310	_#ApasEnhancementUniqNo_0001_1
0x2DDF728	0x32062F0	_#ApasEnhancementUniqNo_0002_0
0x2DDF758	0x32062D0	_#ApasEnhancementUniqNo_0003_0
0x2DDF788	0x32062B0	_#ApasEnhancementUniqNo_0004_1
0x2DDF7B8	0x3206290	_#ApasEnhancementUniqNo_0006_0
0x2DDF7E8	0x3206270	_#ApasEnhancementUniqNo_0007_0
0x2DDF818	0x3206250	_#ApasEnhancementUniqNo_0008_0
0x2DDF848	0x3206230	_#ApasEnhancementUniqNo_0009_0
0x2DDF878	0x3206210	_#ApasEnhancementUniqNo_0010_0
0x2DDF8A8	0x32061F0	_#ApasEnhancementUniqNo_0011_1
0x2DDF8D8	0x3206AA8	_#ApasEnhancementUniqNo_0014_1
0x2DDF908	0x3206A88	_#ApasEnhancementUniqNo_0015_0
0x2DDF938	0x3206A68	_#ApasEnhancementUniqNo_0016_0
0x2DDF968	0x3206A48	_#ApasEnhancementUniqNo_0017_0
0x2DDF998	0x3206A28	_#ApasEnhancementUniqNo_0018_0
0x2DDF9C8	0x3206A08	_#ApasEnhancementUniqNo_0034_0
0x2DDF9F8	0x32069E8	_#ApasEnhancementUniqNo_0019_0
0x2DDFA28	0x32069C8	_#ApasEnhancementUniqNo_0020_0
0x2DDFA58	0x32069A8	_#ApasEnhancementUniqNo_0022_0
0x2DDFA88	0x3206988	_#ApasEnhancementUniqNo_0023_0
0x2DDFAB8	0x3206968	_#ApasEnhancementUniqNo_0025_0
0x2DDFAE8	0x3206948	_#ApasEnhancementUniqNo_0030_0
0x2DDFB18	0x3206928	_#ApasEnhancementUniqNo_0033_0
0x2DDFB48	0x3206908	_#ApasEnhancementUniqNo_0035_0
0x2DDFB78	0x32068E8	_#ApasEnhancementUniqNo_0037_0
0x2DDFBA8	0x32068C8	_#ApasEnhancementUniqNo_0040_0
0x2DDFBD8	0x3206CA8	_#ApasEnhancementUniqNo_0041_0
0x2DDFC08	0x3206C88	_#ApasEnhancementUniqNo_0044_0
0x2DDFC38	0x3206C68	_#ApasEnhancementUniqNo_0045_0
0x2DDFC68	0x3206C48	_#ApasEnhancementUniqNo_0046_0
0x2DDFC98	0x3206C28	_#ApasEnhancementUniqNo_0047_1
0x2DDFCC8	0x3206C08	_#ApasEnhancementUniqNo_0047_2
0x2DDFCF8	0x3206BE8	_#ApasEnhancementUniqNo_0048_1
0x2DDFD28	0x3206BC8	_#ApasEnhancementUniqNo_0048_2
0x2DDFD58	0x3206BA8	_#ApasEnhancementUniqNo_0048_3
0x2DDFD88	0x3206B88	_#ApasEnhancementUniqNo_0049_1
0x2DDFDB8	0x3206B68	_#ApasEnhancementUniqNo_0049_2
0x2DDFDE8	0x3206B48	_#ApasEnhancementUniqNo_0052_0
0x2DDFE18	0x3206B28	_#ApasEnhancementUniqNo_0054_0
0x2DDFE48	0x3206B08	_#ApasEnhancementUniqNo_0060_0
0x2DDFE78	0x3206AE8	_#ApasEnhancementUniqNo_0062_0
0x2DDFEA8	0x3206AC8	_#ApasEnhancementUniqNo_0063_0
0x2DDFED8	0x3206EE0	_#ApasEnhancementUniqNo_0064_0
0x2DDFF08	0x3206EC0	_#ApasEnhancementUniqNo_0067_0
0x2DDFF38	0x3206EA0	_#ApasEnhancementUniqNo_0068_0
0x2DDFF68	0x3206E80	_#ApasEnhancementUniqNo_0069_0
0x2DDFF98	0x3206E60	_#ApasEnhancementUniqNo_0071_0
0x2DDFFC8	0x3206E40	_#ApasEnhancementUniqNo_0073_0
0x2DDFFF8	0x3206E20	_#ApasEnhancementUniqNo_0074_0
0x41C6290	0x41C5110	EntityComponent
0x41C6340	0x41C67A0	VoiceComponent
0x41C6450	0x41C4640	MsgVoiceBase
0x41C65A0	0x41C3308	CompoundVolumetricAnnotation
0x41C6650	0x41C5B00	DDGIVolumeBinding
0x41C6710	0x41C3D30	MirrorVisibilitySettingComponent
0x41C22F0	0x41C2080	RTTIRefObject
0x41C23D0	0x41C2370	MsgBase
0x41C24B0	0x3116AB8	ObjectUUID
0x41C24B8	0x3116AC8	objectUuid
0x41C2580	0x41C3158	String_IssueField
0x41C26D0	0x41C2600	AlphaPeg
0x41C27D0	0x41C2BD0	IssueField
0x41C2950	0x41C2670	IssueTrackerRemoteLink
0x41C2A00	0x41C3138	ColorPeg
0x44F1BE0	0x44F0FC0	Resource
0x44F1C90	0x44F1048	CoreObject
0x44F1DB0	0x44F1D50	ResourceSetDefEntry
0x44F1FA0	0x44F1E58	ResourceSetSymbols
0x44F2050	0x44F1E30	ResourceSetEntry
0x44F2100	0x44F1E90	NodeGraphResourceSetVariableOverride
0x44F21C0	0x44F1D10	ResourceSet
0x44F2270	0x44F1D30	ResourceSetDef
0x44F2320	0x44F1EF8	SystemAssetsList
0x41BDF50	0x41BDE40	ExportedSymbolGroup
0x41BE020	0x41BDFD0	UTFToolsGroup
0x41BE0F0	0x41BE0A0	GGUUID
0x41BE1C0	0x41BE170	MD5HashValue
0x41BE280	0x41BEF48	IVec3Pack
0x41BE330	0x41BE4A0	IVec4Pack
0x41BE420	0x41BE3B0	Mat44
0x41BE560	0x41BE818	Mat44Pack
0x41BE610	0x41BED90	IRect
0x41BE6C0	0x41BEA90	FRect
0x4332AF0	0x43331E0	PhysicalPart
0x4332D20	0x4332808	DSCatalogueChartGroup
0x4332DE0	0x4332930	DSGameRawMaterialListItemSymbols
0x4332F10	0x4332C70	DSGameCommodityListItem
0x4332870	0x4332BC8	DSGameBaggageListItemSymbols
0x41D5260	0x41C9C88	MsgEntityInit
0x41D5310	0x41CC6F8	MsgEntityUpdate
0x41D53C0	0x41C8070	MsgChangeInstigatorFaction
0x41D5470	0x41C9CA8	MsgIgnoreWantsUpdateEntity
0x41D5520	0x41D09C0	MsgEntitySleep
0x41D55D0	0x41CC6C0	MsgGetDisplayName
0x41D5680	0x41C9DF0	MsgPBDManualStabilize
0x41D5730	0x41C85C0	MsgGetUseLocations
0x41D57E0	0x41C7138	MsgGetEntityTransformProvider
0x41D5890	0x41D27A0	MsgChildEntityAdded
0x41D5940	0x41CC5A0	MsgCreateComponent
0x41D59F0	0x41C6A38	MsgPrepareForShrinkComponent
0x41D4080	0x41CB3B0	MsgPrepareForRemoval
0x41D4130	0x41C6D60	MsgTriggerExposedAction
0x41D41E0	0x41C8620	MsgCanBeDeactivated
0x41D4290	0x41CB970	MsgSetCameraVisibility
0x41D4340	0x41D2A10	MsgPBDWarp
0x41D43F0	0x41CA990	MsgEntityRepUpdate
0x41D44A0	0x41C72C0	EntityResource
0x41D4550	0x41CD230	MsgEntityStartSkippingUpdates
0x41D4600	0x41CAD48	MsgEntityPostUpdate
0x41D46B0	0x41C76F0	MsgPBDEmphasizeWorldMotion
0x41D4760	0x41C6E08	MsgPBDForcePause
0x41D4810	0x41CB060	MsgChildEntityRemoved
0x3B50AF0	0x3B51F38	bool
0x3B50B70	0x3B52D10	intptr
0x3B50BF8	0x3B511B8	cptr_tchar
0x3B50C10	0x3B525C0	uint16
0x3B50C90	0x3B51EC8	int8
0x3B50D10	0x3B52360	WString
0x3B50D98	0x3B517A0	cptr_wchar
0x3B50E50	0x3B52568	Array_uint128
0x3B50E70	0x3B51D90	UUIDRef_RTTIRefObject
0x3B50E90	0x3B52B80	Array_cptr_uint32
0x3B50EF8	0x31168E8	IsOverridden
0x3B50F38	0x3B50DB0	Ref_InheritedAttrBase
0x3B50FA0	0x3B518A0	cptr_StringHash
0x3B50FD8	0x3B52128	cptr_int16
0x3B50FF8	0x3B52C70	Ref_RTTIRefObject
0x3B51038	0x3B51A00	cptr_uint64
0x3B51058	0x3B50F50	Array_cptr_float
0x3B510B8	0x3B51C78	Array_cptr_uint64
0x3B510F8	0x3B51DF8	Array_bool
0x3B51118	0x3B50E20	cptr_InheritedInt
0x3B51180	0x3B52270	Array_int8
0x3B511A0	0x3B52840	Array_uint64
0x3B512C8	0x3B52930	Array_RTTIPath
0x3B505F0	0x3B525A8	uint8
0x3B50670	0x3B52A90	double
0x3B506F0	0x3B52778	int
0x3B50770	0x3B51F00	String
0x3B507F0	0x3B52888	float
0x3B50870	0x3B50FB8	uint32
0x3B508F0	0x3B50EA8	int32
0x3B50970	0x3B51250	tchar
0x3B509F0	0x3B52D28	int16
0x3B50A70	0x3B52CF8	uintptr
0x40D1A58	0x40D7040	Ref_BooleanFact
0x40D1A78	0x40D1F38	Ref_FloatFact
0x40D1A98	0x40D62E0	Array_Ref_FactValueBase
0x40D1AB8	0x40D2E88	Ref_EnumFactValue
0x40D1AD8	0x40D3B58	Array_Ref_EnumFactValue
0x40D1AF8	0x40D6758	Array_Ref_BooleanFactValue
0x40D1B18	0x40D4380	Ref_DSSimpleIntegerFact
0x40D1B38	0x40D1EF0	UUIDRef_EnumFactEntry
0x40D1B58	0x40D7160	Ref_Vec3Fact
0x40D1B78	0x40D6E68	Array_UUIDRef_Fact
0x40D1B98	0x40D35F8	Ref_IntegerFact
0x40D1BB8	0x40D20A0	Array_cptr_BooleanFact
0x40D1BD8	0x40D5B00	Array_Ref_EnumFact
0x40D1BF8	0x40D6718	Array_Ref_Fact
0x40D1C18	0x40D2390	Ref_BoolFactConditionResource
0x40D1C38	0x40D4630	Array_Ref_EnumFactEntry
0x40D1C58	0x40D5AB0	Ref_EnumFact
0x40D1CC0	0x40D4558	Ref_NodeGraphIntegerFactVariableOverride
0x40D1CE0	0x40D2A20	Ref_DSSimpleFloatFact
0x40D1DE8	0x40D1D28	Ref_WorldPositionFact
0x40D1E38	0x40D6160	cptr_FactDatabase
0x40D1E58	0x40D51E0	Ref_NodeGraphEnumFactVariableOverride
0x40D1F20	0x40D5240	Array_cptr_EnumFactValue
0x40D1F60	0x40D2428	cptr_FactConditionResource
0x40D1F80	0x40D3260	Ref_Vec3FactValue
0x40D2010	0x40D2458	cptr_NodeGraphEnumFactEntryVariableOverride
0x40D2030	0x31170E4	Logic
0x40D2068	0x3132830	OverrideGraphProgramResource
0x40D20D0	0x40D5C58	cptr_NodeGraphIntegerFactVariableOverride
0x40D2140	0x40D4658	UUIDRef_FloatFact
0x40D2160	0x40D6010	Array_UUIDRef_FloatFact
0x40D21B8	0x40D5E38	cptr_Property
0x3EE3FB0	0x3EE4288	Ref_DSUIMenuRadioResource
0x3EE3FF8	0x3EE47B0	cptr_DSUIMenuRadioResource
0x3EE40C0	0x3EE4228	EDSUICatalogueRadioType
0x3EE40E8	0x3EE43B8	EDSUIMissionRadioType
0x3EE4348	0x3EE4110	Ref_DSUIAreaGuideMenuFunctionResource
0x3EE4368	0x3EE4870	cptr_DSUIMissionMenuDiableOrderNgMissions
0x3EE4410	0x32040BC	ItemId
0x3EE4448	0x3304BD0	ThumbnailStyle
0x3EE4480	0x32F9EE0	Thumbnail
0x3EE44B8	0x320DA00	NameText
0x3EE44F0	0x32AE740	VisibleFact
0x3EE4528	0x3304CD8	MarkerTypes
0x3B51310	0x3B51328	Array_UUIDRef_RTTIRefObject
0x3B514E8	0x3B51C50	Array_RTTIRefObject
0x3B51500	0x3B52C30	Filename
0x3B515E0	0x3B52D40	Array_uintptr
0x3B51600	0x3B51070	Array_uint
0x3B51688	0x3B51C30	Array_WString
0x3B516C0	0x3B52530	wchar
0x3B51748	0x3B52250	Array_tchar
0x3B51788	0x3B52098	cptr_RTTIRefObject
0x3B517C8	0x3B51090	cptr_RTTIObject
0x3B517E8	0x3B51010	Array_uint8
0x3B51868	0x3B51D48	cptr_WString
0x3B51888	0x3B52618	Array_cptr_int32
0x3B518C8	0x3B52B38	Array_uint16
0x3B518E8	0x3B524A0	Array_Filename
0x3B51908	0x3B529B0	Array_StringHash
0x3B51920	0x3B52918	uint128
0x3EC9D08	0x3EC8008	Ref_DSUIUnlockDialogResource
0x3EC9D28	0x3EC7B70	Ref_DSUIUnlockDialogHelperResource
0x3EC9E00	0x3ECA598	cptr_DSUISNSNotificationHUDLogicResource
0x3EC9EE8	0x3ECA4C0	cptr_DSUISKUCreditHUDLogic
0x3EC9F08	0x3ECB2D0	Ref_DSUISaveLoadIconHUDTextResource
0x3EC9F28	0x3ECBF28	cptr_DSUISaveLoadIconHUDLogic
0x3EC9F30	0x3ECB1E0	source:ds/movies/
0x3EC9F38	0x3ECBF10	mono/
0x3ECA030	0x3ECB360	dlc1/mono/
0x3ECA078	0x3EC9E18	EDSUISaveLoadIconType
0x3ECA0D8	0x3196D50	Typeface
0x3ECA110	0x319027C	Style
0x3ECA148	0x32F46D0	IntroText
0x3ECA180	0x32F4740	IdleText
0x3ECA1B8	0x32F4730	OutroText
0x3ECA1F0	0x32D7178	IntroAnimator
0x3ECA228	0x32D7088	IdleAnimator
0x3ECA260	0x32D7168	OutroAnimator
0x3ECA2A0	0x3ECA488	cptr_DSUIRouteLineHUDLogicResource
0x3ECA340	0x3193468	Element
0x3ECA378	0x32D9A28	PartsElement
0x3ECA3E8	0x32D9A38	PartsHeight
0x3ECA450	0x3ECB6C8	subs/
0x4335020	0x43355C8	DSElevatorUsabilityComponentSymbols
0x41D5F70	0x41CBC30	EntityComponentResource
0x41D6020	0x41C8720	MsgGetFloorInfo
0x41D60D0	0x41D0A60	MsgGetEntityMatrixProvider
0x41D6180	0x41D1B60	MsgEntityRequestToChangeVisibility
0x41D6230	0x41CA5E8	MsgSetComportmentShadowFlag
0x41D62E0	0x41C73B8	MsgPBDUseExtraMaxDistanceMultiplier
0x41D6390	0x41D2FC0	MsgPBDStabilize
0x41D6440	0x41C7B60	MsgEntityVisualBoundsChanged
0x41D64F0	0x41CC030	MsgCreateCollisionVolume
0x41D65A0	0x41C7E88	MsgEntityReplacedWithImpostor
0x41D6650	0x41C7190	MsgGetCenterLocation
0x41D6700	0x41CC568	MsgShouldBeDeactivated
0x6066190	0x6065ED0	WorldNode
0x60663B0	0x6066430	WaterBodyNode
0x6066448	0x3431B28	WorldDataTileMapsSRTData
0x6066530	0x6068948	SRT_RTTI_WorldDataTileMapsSRTData
0x60667D0	0x6067170	WaterShaderFeatureCheckInfo
0x6066930	0x6066708	WorldDataEcotopeIndexTable
0x3DFAD80	0x3DFB490	EDSBaggageCapturedAnimalType
0x3DFADA8	0x3DFBAE0	EDSBaggageCarrierType
0x3DFADF8	0x3DFAF18	cptr_DSDeadbodyBagRagdollComponent
0x3DFAE78	0x31174C8	OrientationHelperLink
0x3DFAF88	0x3DFBB08	cptr_DSDeadbodyBagComponentResource
0x3DFAFE0	0x3DFADD0	EDSBaggageModel
0x3DFB158	0x3DFBA18	Array_DSBaggageSlotConfig
0x3DFB1D8	0x3DFBEE8	dlc1/mono/
0x3DFB1E0	0x3DFB9C0	source:ds/movies/
0x3DFB230	0x3DFAE10	cptr_DSBaggageSlotConfig
0x3DFB248	0x3DFB980	EDSBaggageApv
0x3DFB298	0x3DFC100	mono/
0x3DFB2B8	0x3DFBDC0	Array_DSBaggageSlotHelperLinkInfo
0x3DFB350	0x3DFBD98	EDSCargoStrandLocation
0x3DFB3E0	0x324D7D8	CopySettingResource
0x3DFB4C0	0x31AF2A8	SlotType
0x3DFB4F8	0x32791E8	Capacity
0x3B52780	0x3B515C0	Ref
0x3B52828	0x3B51B18	cptr_Filename
0x3B528C0	0x3B516A0	Array_wchar
0x3B528E0	0x3B52BF0	cptr_uint
0x3B52900	0x3B520D8	Array_Ref_RTTIRefObject
0x3B52958	0x3B51618	Array_int32
0x3B52978	0x3B50DD8	cptr_int64
0x3B52998	0x3B519A0	cptr_double
0x3B52A08	0x3B50F78	Array_cptr_int8
0x3B52A48	0x3B52640	EBinaryReaderResult
0x3B52A78	0x3B51DD8	Array_int16
0x3B52AB0	0x3B51DB8	Array_cptr_uint
0x3B52AD0	0x3B51800	Array_cptr_int64
0x3B52BB0	0x3B51E38	Array_cptr_int16
0x3B52C18	0x3B51F70	Array_int64
0x3B52C58	0x3B50DF8	Array_cptr_WString
0x3B52CA0	0x3B52B08	Array_cptr_RTTIRefObject
0x3B52CC0	0x3B51F50	cptr_intptr
0x3B52D90	0x3B51CC0	cptr_uint16
0x3B52DF8	0x3B52DD0	cptr_MsgBase
0x3B52E28	0x3116AD8	rttiRefObject
0x3B52E88	0x3B53E30	Ref_IssueProject
0x3B52F30	0x3B53AA8	cptr_PegBase
0x44F1B30	0x44F17D0	MsgInit
0x3B50520	0x3B51848	cptr
0x3B50570	0x3B51A90	uint64
0x2DE4338	0x320E9B0	_#Player_0010
0x2DE4368	0x320E720	_#Player_0011
0x2DE4398	0x320E730	_#Player_0012
0x2DE43C8	0x320E740	_#Player_0013
0x2DE43F8	0x320E750	_#Player_0014
0x2DE4428	0x320E760	_#Player_0020
0x2DE4458	0x320E770	_#Player_0021
0x2DE4488	0x320E780	_#Player_0022
0x2DE44B8	0x320E790	_#Player_0023
0x2DE44E8	0x320E7A0	_#Player_0024
0x2DE4518	0x320E7B0	_#Player_0110
0x2DE4548	0x320E7C0	_#Player_1110
0x2DE4578	0x320E7D0	_#Player_0200
0x2DE45A8	0x320E7E0	_#Player_0210
0x2DE45D8	0x320E7F0	_#Player_0240
0x2DE4608	0x320E800	_#Player_0250
0x2DE4638	0x320E810	_#Player_0260
0x2DE4668	0x320EAC0	_#Player_0270
0x2DE4698	0x320EAD0	_#Player_0300
0x2DE46C8	0x320EAE0	_#Player_0310
0x2DE46F8	0x320EAF0	_#Player_0320
0x2DE4728	0x320EB00	_#Player_0330
0x2DE4758	0x320EB10	_#Player_0340
0x2DE4788	0x320EB20	_#Mission_0010
0x2DE47B8	0x320EB30	_#Mission_0020
0x2DE47E8	0x320EB40	_#Mission_0030
0x2DE4818	0x320EB50	_#Mission_0100
0x2DE4848	0x320EB60	_#Mission_0110
0x2DE4878	0x320EB70	_#Mission_0400
0x2DE48A8	0x320EB80	_#Mission_0410
0x2DE48D8	0x320EB90	_#Mission_0460
0x2DE4908	0x320EBA0	_#Mission_0470
0x2DE4938	0x320EBB0	_#Baggage_0010
0x2DE4968	0x320E9C0	_#Baggage_0011
0x2DE4998	0x320E9D0	_#Baggage_0012
0x2DE49C8	0x320E9E0	_#Baggage_0013
0x2DE49F8	0x320E9F0	_#Baggage_0014
0x2DE4A28	0x320EA00	_#Baggage_0015
0x2DE4A58	0x320EA10	_#Baggage_0016
0x2DE4A88	0x320EA20	_#Baggage_0017
0x2DE4AB8	0x320EA30	_#Baggage_0018
0x2DE4AE8	0x320EA40	_#Baggage_0020
0x2DE4B18	0x320EA50	_#Baggage_0021
0x2DE7778	0x320DE80	FixedPose
0x2DE77A8	0x320DE8C	Banned
0x2DE77D8	0x320ED10	_#Player_0002
0x2DE7808	0x320ED20	_#Player_0001
0x2DE7838	0x320ED30	_#Player_0003
0x2DE7868	0x320ED40	_#Player_0004
0x2DE7898	0x320ED50	_#Player_0005
0x2DE78C8	0x320EBC0	_#Player_0006
0x2DE78F8	0x320EBD0	_#Player_0007
0x2DE7958	0x320EBE0	_#Player_1010
0x2DE79B8	0x320EBF0	_#Player_1011
0x2DE7A18	0x320EC00	_#Player_1012
0x2DE7A48	0x320EC10	_#Player_0101
0x2DE7A78	0x320EC20	_#Player_1101
0x2DE7AA8	0x320EC30	_#Player_0102
0x2DE7AD8	0x320EC40	_#Player_1102
0x2DE7D48	0x320EA60	_#Baggage_0022
0x2DE7D78	0x320EA70	_#Baggage_0023
0x2DE7DA8	0x320EA80	_#Baggage_0024
0x2DE7DD8	0x320EA90	_#Baggage_0025
0x2DE7E08	0x320EAA0	_#Baggage_0026
0x2DE7E38	0x320EAB0	_#Baggage_0027
0x2DE7E68	0x320E328	_#Baggage_0028
0x2DE7E98	0x320E338	_#Baggage_0090
0x2DE7EC8	0x320E348	_#Baggage_0091
0x2DE7EF8	0x320E358	_#Baggage_0092
0x2DE7F28	0x320E368	_#Baggage_0093
0x2DE7F58	0x320E378	_#Baggage_0094
0x2DE7F88	0x320E388	_#Baggage_0095
0x2DE7FB8	0x320E398	_#Baggage_0096
0x2DE7048	0x320ECE0	_#Time_0010
0x2DE7078	0x320ECF0	_#Time_1010
0x2DE70A8	0x320ED00	_#Time_0020
0x2DE70D8	0x320ECA0	_#Etc_0001
0x2DE7118	0x320CF58	VinetteSize_0
0x2DE7148	0x320CF68	VinetteSize_1
0x2DE7178	0x320CF78	VinetteSize_2
0x2DE71A8	0x320CF88	VinetteSize_3
0x2DE71E8	0x320C228	ChiralCatBodyAnimation_Default
0x2DE7218	0x320C248	ChiralCatBodyAnimation_01
0x2DE7248	0x320C268	ChiralCatBodyAnimation_02
0x2DE7278	0x320C288	ChiralCatBodyAnimation_03
0x2DE72A8	0x320C2A8	ChiralCatBodyAnimation_04
0x2DE72D8	0x320C2C8	ChiralCatBodyAnimation_05
0x2DE7308	0x320BF38	ChiralCatBodyAnimation_06
0x2DE7338	0x320BF58	ChiralCatBodyAnimation_07
0x2DE7368	0x320BF78	ChiralCatBodyAnimation_08
0x2DE7398	0x320BF98	ChiralCatBodyAnimation_09
0x2DE73C8	0x320BFB8	ChiralCatBodyAnimation_10
0x2DE73F8	0x320BFD8	ChiralCatBodyAnimation_11
0x2DE7428	0x320BFF8	ChiralCatBodyAnimation_12
0x2DE7458	0x320C018	ChiralCatBodyAnimation_13
0x2DE7488	0x320C038	ChiralCatBodyAnimation_14
0x2DE74B8	0x320C058	ChiralCatBodyAnimation_15
0x2DE74E8	0x320C078	ChiralCatBodyAnimation_16
0x2DE7518	0x320C098	ChiralCatBodyAnimation_17
0x2DE7548	0x320C0B8	ChiralCatBodyAnimation_18
0x2DE7578	0x320C0D8	ChiralCatBodyAnimation_19
0x2DE75A8	0x320C0F8	ChiralCatBodyAnimation_20
0x2DE75D8	0x320C118	ChiralCatBodyAnimation_21
0x2DE7608	0x320C498	ChiralCatBodyAnimation_22
0x2DE7638	0x320C4B8	ChiralCatBodyAnimation_23
0x2DE7668	0x320C4D8	ChiralCatBodyAnimation_NUM
0x2DE2BA8	0x320DA60	TarSwamp
0x2DE2BD8	0x320DA70	DeliveryTerminal
0x2DE2C38	0x320DA88	DisableCreateRestMark
0x2DE2C68	0x320D830	GeneralEvent
0x2DE2C98	0x320D840	GeneralFocusEvent
0x2DE2CC8	0x320D858	ReturnNG
0x2DE2CF8	0x320D868	ReturnOK
0x2DE2D28	0x320D878	EnableDelivery
0x2DE2D58	0x320D888	BossCatcher
0x2DE2D88	0x320D898	DisableSignboard
0x2DE2DB8	0x320D8B0	VelvetCamera
0x2DE2DE8	0x320D8C0	AntigravityForLostBaggage
0x2DE2E48	0x320D8E0	WaterfallDeathArea
0x2DE2E78	0x320D8F8	FallDeathStartSelectArea
0x2DE2EA8	0x320D918	TarFastMove
0x2DE2ED8	0x320D928	HighAlpine
0x2DE2F08	0x320D938	PreventBaggageFallingUnderGround
0x2DE2F38	0x320D960	NearlyOutOfArea
0x2DE2F68	0x320D970	ForciblyDeath
0x2DE2FC8	0x320DBE8	SmallStepOnArea
0x2DE2FF8	0x320DBF8	SmallStepOnAreaCancel
0x2DE3028	0x320DC10	HandRailStepOnArea
0x2DE3058	0x320DC28	WeaponDisabledArea
0x2DE3088	0x320DC40	MagellanLandingArea
0x2DE30B8	0x320DC58	AutoDrive
0x2DE30E8	0x320DC68	DisableJumpDownFromMonorail
0x2DE3118	0x320DC88	UrinationDisableArea
0x2DE3148	0x320DCA0	MakeBaggageOutline
0x2DE3178	0x320DCB8	WildfirePose
0x2DE31A8	0x320DCC8	UseBBPodSpecificLightIntensity
0x2DE31D8	0x320DCE8	HighwayTunnel
0x2DE3208	0x320AAA8	PlayerBodyAnimation_Default
0x2DE3238	0x320AAC8	PlayerBodyAnimation_01_Relax
0x2DE3240	0x320AAE8	PlayerBodyAnimation_01
0x2DE3268	0x320AB00	PlayerBodyAnimation_02_HalfSitting
0x2DE3270	0x320AB28	PlayerBodyAnimation_02
0x2DE3298	0x320AB40	PlayerBodyAnimation_03_LeanAgainstAWall
0x2DE32A0	0x320AB68	PlayerBodyAnimation_03
0x2DE32C8	0x320AB80	PlayerBodyAnimation_04_LeanAgainstAPerson
0x2DE32D0	0x320ABB0	PlayerBodyAnimation_04
0x2DE32F8	0x320ABC8	PlayerBodyAnimation_05_GiveALike_1
0x2DE3300	0x320ABF0	PlayerBodyAnimation_05
0x2DE3328	0x320AC08	PlayerBodyAnimation_06_GiveALike_2
0x2DE3330	0x320AC30	PlayerBodyAnimation_06
0x2DE3358	0x320A870	PlayerBodyAnimation_07_GiveALike_3
0x2DE3360	0x320A898	PlayerBodyAnimation_07
0x4335D20	0x4335A00	DSWatchTowerCollisionTrigger
0x4335DD0	0x4335730	DSPlayRecordSettingsResource
0x4335E80	0x4335530	DSRuledNameCollisionTriggerExtraParameterWaterFall
0x4335F30	0x4334CD0	DSPhotoModeLightComponent
0x4335FE0	0x4334EB0	DSStaircaseCollisionTrigger
0x4336090	0x4334E60	DSPhotoModeSystemResource
0x4336140	0x4334FA0	DSRuledNameCollisionTriggerExtraParameterHandRailStepOnLocator
0x43361F0	0x4335600	DSRuledNameCollisionTriggerExtraParameterFallDeathStartSelect
0x43362A0	0x4334C90	DSRuledNameCollisionTriggerExtraParameterOnsen
0x4336350	0x4334C10	DSRuledNameCollisionTriggerExtraParameter
0x4336400	0x4335580	DSRuledNameCollisionTriggerExtraParameterStepOnPoint
0x43364B0	0x4335120	DSRuledNameCollisionTriggerExtraParameterLocatorAndRadius
0x4335C70	0x4334C50	DSVehicleReallocationPrefabInstance
0x3B35500	0x3B355D0	Array
0x3B355E0	0x3B35630	UUIDRef
0x3B35650	0x3097E80	Data0
0x3B35688	0x3097E78	Data1
0x3B356C0	0x3097E90	Data2
0x3B356F8	0x3097E88	Data3
0x3B35730	0x3097EA0	Data4
0x3B35768	0x3097E98	Data5
0x3B357A0	0x3097EB0	Data6
0x3B357D8	0x3097EA8	Data7
0x3B35810	0x3097EC0	Data8
0x3B35848	0x3097EB8	Data9
0x3B35880	0x3097ED0	Data10
0x3B358B8	0x3097EC8	Data11
0x3B358F0	0x3097EE0	Data12
0x3B35928	0x3097ED8	Data13
0x3B35960	0x3097EF0	Data14
0x3B35998	0x3097EE8	Data15
0x3B35A28	0x3B35A40	cptr_MD5HashValue
0x3B35AB0	0x3B35A90	EIOPriority
0x3B35AE0	0x30989E8	Left
0x3B35B18	0x30989E4	Top
0x3B35B50	0x30989F8	Right
0x3B35B88	0x30989F0	Bottom
0x3B35BC8	0x3B36FF0	Array_HalfFloat
0x2DE00D8	0x320CD30	Aperture_1_4
0x2DE0108	0x320CD40	Aperture_2
0x2DE0138	0x320CD50	Aperture_2_8
0x2DE0168	0x320CD60	Aperture_4
0x2DE0198	0x320CD70	Aperture_5_6
0x2DE01C8	0x320CD80	Aperture_8
0x2DE01F8	0x320CD90	Aperture_11
0x2DE0228	0x320CDA0	Aperture_16
0x2DE0258	0x320CDB0	Aperture_22
0x2DE0298	0x320C388	DollManBodyAnimation_Default
0x2DE02C8	0x320C3A8	DollManBodyAnimation_01
0x2DE02F8	0x320C3C0	DollManBodyAnimation_02
0x2DE0328	0x320C3D8	DollManBodyAnimation_03
0x2DE0358	0x320C3F0	DollManBodyAnimation_04
0x2DE0388	0x320C408	DollManBodyAnimation_05
0x2DE03B8	0x320C420	DollManBodyAnimation_06
0x2DE03E8	0x320C438	DollManBodyAnimation_07
0x2DE0418	0x320C450	DollManBodyAnimation_08
0x2DE0448	0x320C468	DollManBodyAnimation_09
0x2DE0478	0x320C480	DollManBodyAnimation_10
0x2DE04A8	0x320D3B0	DollManBodyAnimation_11
0x2DE04D8	0x320D3C8	DollManBodyAnimation_12
0x2DE0508	0x320D3E0	DollManBodyAnimation_13
0x2DE0538	0x320D3F8	DollManBodyAnimation_14
0x2DE0568	0x320D410	DollManBodyAnimation_15
0x2DE0598	0x320D428	DollManBodyAnimation_16
0x2DE05C8	0x320D440	DollManBodyAnimation_17
0x2DE05F8	0x320D458	DollManBodyAnimation_18
0x2DE0628	0x320D470	DollManBodyAnimation_19
0x2DE0658	0x320D488	DollManBodyAnimation_20
0x2DE0688	0x320D4A0	DollManBodyAnimation_21
0x2DE06B8	0x320D4B8	DollManBodyAnimation_22
0x2DE06E8	0x320D4D0	DollManBodyAnimation_23
0x2DE0718	0x320D4E8	DollManBodyAnimation_24
0x2DE0748	0x320D500	DollManBodyAnimation_25
0x2DE0778	0x320D518	DollManBodyAnimation_26
0x2DE07A8	0x320D230	DollManBodyAnimation_27
0x2DE07D8	0x320D248	DollManBodyAnimation_28
0x2DE0808	0x320D260	DollManBodyAnimation_29
0x2DE0838	0x320D278	DollManBodyAnimation_30
0x2DE0868	0x320D290	DollManBodyAnimation_31
0x2DE0898	0x320D2A8	DollManBodyAnimation_32
0x2DE08C8	0x320D2C0	DollManBodyAnimation_33
0x4335810	0x4334E30	DSElevatorUsabilityComponent
0x4335980	0x4335170	DSEntityDetectionTargetComponent
0x4335A60	0x4334DF8	DSPhotoModeLightComponentResource
0x4335B10	0x4335770	DSRuledNameCollisionTriggerExtraParameterFact
0x4335BC0	0x43350E8	DSRuledNameCollisionTrigger
0x2DE1B38	0x320BC00	BBFacialAnimation_Default
0x2DE1B68	0x320BC20	BBFacialAnimation_01
0x2DE1B98	0x320BC38	BBFacialAnimation_02
0x2DE1BC8	0x320BC50	BBFacialAnimation_03
0x2DE1BF8	0x320BC68	BBFacialAnimation_04
0x2DE1C28	0x320BC80	BBFacialAnimation_05
0x2DE1C58	0x320BC98	BBFacialAnimation_06
0x2DE1C88	0x320BCB0	BBFacialAnimation_07
0x2DE1CB8	0x320B188	BBFacialAnimation_08
0x2DE1CE8	0x320B1A0	BBFacialAnimation_09
0x2DE1D18	0x320B1B8	BBFacialAnimation_10
0x2DE1D48	0x320B1D0	BBFacialAnimation_11
0x2DE1D78	0x320B1E8	BBFacialAnimation_12
0x2DE1DA8	0x320B200	BBFacialAnimation_13
0x2DE1DD8	0x320B218	BBFacialAnimation_14
0x2DE1E08	0x320B230	BBFacialAnimation_15
0x2DE1E38	0x320B248	BBFacialAnimation_16
0x2DE1E68	0x320B260	BBFacialAnimation_17
0x2DE1E98	0x320B278	BBFacialAnimation_18
0x2DE1F08	0x320CDC0	ColorFilter_Monochrome
0x2DE1F38	0x320D0C0	ColorFilter_Noir
0x2DE1F68	0x320D0D8	ColorFilter_Sepia
0x2DE1F98	0x320D0F0	ColorFilter_Cyan
0x2DE1FC8	0x320D108	ColorFilter_Magenta
0x2DE1FF8	0x320D120	ColorFilter_Twilight
0x2DE2028	0x320D138	ColorFilter_Retro
0x2DE2058	0x320D150	ColorFilter_Shine
0x2DE2088	0x320D168	ColorFilter_Vivid
0x2DE20B8	0x320D180	ColorFilter_Mat
0x2DE20E8	0x320D190	ColorFilter_Gayzer
0x2DE2118	0x320D1A8	ColorFilter_Mars
0x2DE2148	0x320D1C0	ColorFilter_Knot_Blue
0x2DE2178	0x320D1D8	ColorFilter_Knot_Green
0x2DE21A8	0x320D1F0	ColorFilter_Red
0x2DE21D8	0x320D200	ColorFilter_Orange
0x2DE2208	0x320D218	ColorFilter_Shock
0x2DE2248	0x320B290	BBBodyAnimation_Default
0x2DE2278	0x320B2A8	BBBodyAnimation_01_Normal
0x2DE2280	0x320B2C8	BBBodyAnimation_01
0x2DE22A8	0x320B2E0	BBBodyAnimation_02_Happy
0x2DE22B0	0x320B300	BBBodyAnimation_02
0x2DE22D8	0x320AFE8	BBBodyAnimation_03_Angry
0x2DE22E0	0x320B008	BBBodyAnimation_03
0x2DE2308	0x320B020	BBBodyAnimation_04_Cry
0x2DE2310	0x320B038	BBBodyAnimation_04
0x3D85540	0x3D84FC8	UUIDRef_DSVehicleReallocationPrefabInstance
0x3D85558	0x3D82590	EDSPhotoModeChiralCatBodyAnimation
0x3D855B8	0x320DA40	DeathLocators
0x3D855F0	0x320DA21	CameraOffsetForBaggageBreak
0x3D857F0	0x3209AF0	SearchArea
0x3D85828	0x3209B00	CollisionResource
0x3D85850	0x3D84958	stereo/
0x3D85A20	0x3D85720	Ref_DSElevatorUsabilityComponentResource
0x3D85A40	0x3D85B88	cptr_DSPlayRecordSettingsResource
0x3D85AD0	0x3D83330	cptr_DSPhotoModeSystemResource
0x3D85B70	0x3D83910	cptr_DSElevatorUsabilityCollisionComponentResource
0x4281BD0	0x427F9B0	PlayerGame
0x434B640	0x434AEF0	DSPlayerEntity
