file	start_rva	bytes	sha256	note
raw/0183DD00_000900_shop_callback_block.bin	0x183DD00	2304	38D81DAF5EF574DAECE31A43AEC2394A474D03F2FC337AF6778F6DE8E1F9521D	shop_callback_block
raw/0171B000_010000_shop_backend_window.bin	0x171B000	65536	34BDFFBE6ECEE1562E595BCF36C036D86F840568436622EA52B1280443E7CC56	shop_backend_window
raw/03D78000_00C000_item_rtti_and_names.bin	0x3D78000	49152	03891EF63B8FBDB55975C28CAB8314CB8ED40CADDC116306DA64167797ECBF9E	item_rtti_and_names
raw/04333000_002000_catalogue_rtti.bin	0x4333000	8192	C496A8C6DC8BCE18DFC645570D76C3255C6408807FE56097530C53E522FD397F	catalogue_rtti
raw/02DD0000_010000_enum_value_tables.bin	0x2DD0000	65536	8317D37CD3FDC7BD8EA72E64BF67D40CF61CEDA5D8C3BEEF776E850C477DD72A	enum_value_tables
raw/03207000_003000_catalogue_type_names.bin	0x3207000	12288	B4BCB9219CCD1A9BA7A5097986FB0650D362BCB70110D2EDE83EC0E3DD617F2B	catalogue_type_names
raw/043340C0_0000B0_rtti_pointer_graph.bin	0x43340C0	176	92A1C9871043172FF191D5173A868BC6900A223BDE8DAEA6C928FE905E34EF20	rtti_pointer_graph
raw/043330C0_000800_rtti_pointer_graph.bin	0x43330C0	2048	4AA2BD4D3B881C62AFC9DC3419FA3D93E468BAE8E1F46907A94D56993A41C648	rtti_pointer_graph
raw/03D7BA60_000800_rtti_pointer_graph.bin	0x3D7BA60	2048	6BE0D46EF73B477869BDD4CD7EC77C4D03167EBB70BD9863CFD10D6A70AAB2E8	rtti_pointer_graph
raw/04333870_000800_rtti_pointer_graph.bin	0x4333870	2048	2066839CF3E09B087BE471CDA448976950B6F9F5154E30E91B91A4B04A697AD6	rtti_pointer_graph
raw/041C6250_000800_rtti_pointer_graph.bin	0x41C6250	2048	7891E19292D6E9EF5625DBEB6341270E18A719F9CB136B7F2D06F28FEB897794	rtti_pointer_graph
raw/04333B40_000800_rtti_pointer_graph.bin	0x4333B40	2048	D8DDE71449A8BD77F1DAA38468DA63F7E9FCD812F442DA00F093B8959881F3D3	rtti_pointer_graph
raw/03D80960_000800_rtti_pointer_graph.bin	0x3D80960	2048	473D18D7074D3B1916807F834F59C87C4C2D33957B048265DB01255E7CC5788A	rtti_pointer_graph
raw/041C22B0_000800_rtti_pointer_graph.bin	0x41C22B0	2048	BB815E4640D090C707207F85EBA4008943C9FC825F88F5975771D5D56148F1A1	rtti_pointer_graph
raw/044F1BA0_000800_rtti_pointer_graph.bin	0x44F1BA0	2048	ECEC1FF9540CFB61F6C9537A1265D791C12CF46D899438512CD56D2FBFB784AA	rtti_pointer_graph
raw/041BDF10_000800_rtti_pointer_graph.bin	0x41BDF10	2048	CE182E254AB3B4C13DAD9447FE047DD81FB21EC3D392C442F2C8B1DC5186C84A	rtti_pointer_graph
raw/04332FF0_000800_rtti_pointer_graph.bin	0x4332FF0	2048	D6CADF99962FBD368276E49FB1DB3DC66A6BAD1A523FC4394972A2986B735C01	rtti_pointer_graph
raw/043328E0_000800_rtti_pointer_graph.bin	0x43328E0	2048	F4A446026BEC54DDEDD3E981BF8AB38AEAFBE9AF8219140792CE8B48B6C5B02C	rtti_pointer_graph
raw/03D7ED50_000800_rtti_pointer_graph.bin	0x3D7ED50	2048	02440189382E31EAD1114E7639779EF5F1D1DB6538B6B9AB738470866F741C83	rtti_pointer_graph
raw/043327E8_000800_rtti_pointer_graph.bin	0x43327E8	2048	FC8877C6F32E6055A282D2505E71DBBA804B7DC33C5C997C86B79122EA162532	rtti_pointer_graph
raw/03D7D780_000800_rtti_pointer_graph.bin	0x3D7D780	2048	8508F60FFC41F4062EF821243FF56607BD8859AD3E1A92AC570EAF5C884FF71A	rtti_pointer_graph
raw/04332BE8_000800_rtti_pointer_graph.bin	0x4332BE8	2048	68A700FF7728A808D700AFBFB68D8288A4D91A119EFCFD7AAC0DFC87C389235C	rtti_pointer_graph
raw/03D7F440_000800_rtti_pointer_graph.bin	0x3D7F440	2048	45C554DD74E3F9911B9408F95BAB317219BD3CB33AFD691CDADDE728A3760207	rtti_pointer_graph
raw/041D5220_000800_rtti_pointer_graph.bin	0x41D5220	2048	2CB5EC07FEF3FB0633D7677F872ADC9FAC562CEBC28DADB54781C51D76693D4E	rtti_pointer_graph
raw/041D4040_000800_rtti_pointer_graph.bin	0x41D4040	2048	34C2BDACA607023CAFA28AFC225FD5C11CCC38793DF25F55D578598AD1D72250	rtti_pointer_graph
raw/04333D08_000800_rtti_pointer_graph.bin	0x4333D08	2048	CDBCAAF82F5CA8A7B1DF8C72C374C1AF6A151C71565217F7E0963CC79C531964	rtti_pointer_graph
raw/043330A0_000800_rtti_pointer_graph.bin	0x43330A0	2048	237A535B1F9513754EE83E929FE9824F0A01215240A6E4A2AD00789C8332561C	rtti_pointer_graph
raw/043331C0_000800_rtti_pointer_graph.bin	0x43331C0	2048	FEA9DB8A08628C382564A552A89FFF1CD7EFF0701556E7E49EFCDA7F7C7CD701	rtti_pointer_graph
raw/03D80BF0_000800_rtti_pointer_graph.bin	0x3D80BF0	2048	64D69EA735290A0731E0CB686D4284C83E765DE69E3F28B4D1F1233F76B35346	rtti_pointer_graph
raw/03D7B918_000800_rtti_pointer_graph.bin	0x3D7B918	2048	6DC5F52C145D2F9565BEE77258F054AD57D4A1768C081445A69788B421F17DD2	rtti_pointer_graph
raw/03B50AE0_000800_rtti_pointer_graph.bin	0x3B50AE0	2048	057A78A72624B33FFF94AD7640275D0804B27B30CF0F81D625908F01CA7F16FD	rtti_pointer_graph
raw/03D7F3F8_000800_rtti_pointer_graph.bin	0x3D7F3F8	2048	6492E0A43554F8BD432FAD28EA35A9D3FB24D70D954C16544C8CAF9CA08E32EE	rtti_pointer_graph
raw/03D7FC80_000800_rtti_pointer_graph.bin	0x3D7FC80	2048	6CFB471AFE8507B5559C8A115405785AB3CCF42798F7846A08BA096481E45FDD	rtti_pointer_graph
raw/03D7D828_000800_rtti_pointer_graph.bin	0x3D7D828	2048	361192DBCE4DC7E9B6810827F8340378482884272EFA3B7CCABD6CF33DF9FAAA	rtti_pointer_graph
raw/03D823C0_000800_rtti_pointer_graph.bin	0x3D823C0	2048	2BF51BE7F6A604A8D32293DFCCE3653A89E751263A33A7FB4A0896CF66BBB790	rtti_pointer_graph
raw/03B505E0_000800_rtti_pointer_graph.bin	0x3B505E0	2048	CC904A3359256CC9983AFF51E4E8D01ED432C6E35C060CDC1532BD6B5966660B	rtti_pointer_graph
raw/03B508E0_000800_rtti_pointer_graph.bin	0x3B508E0	2048	570E0392EB81D3E0FEA0008F7845864761B7845E1724D3564D117C3924766BFF	rtti_pointer_graph
raw/040D1A40_000800_rtti_pointer_graph.bin	0x40D1A40	2048	CE6522A280FF92B74FAF0540D973CF860D0B520B3E2F93B0858C0128E5AC18C1	rtti_pointer_graph
raw/03D7B790_000800_rtti_pointer_graph.bin	0x3D7B790	2048	C869C536DD980A3E665F0B62D962C012CA994D52E26BCA6300E9A66F4374AD78	rtti_pointer_graph
raw/03EE3F98_000800_rtti_pointer_graph.bin	0x3EE3F98	2048	048B91233827883A40BF7B162C29A24CF80E2EF71A00A3817B6F083B4099B996	rtti_pointer_graph
raw/03B51188_000800_rtti_pointer_graph.bin	0x3B51188	2048	AA301D22304540045205B4D92A7EFCC59E28E4CD9CBFE31BFDD5A28E2B0EFC46	rtti_pointer_graph
raw/03EC9CF0_000800_rtti_pointer_graph.bin	0x3EC9CF0	2048	90979C962E561D0D05D310A8952621C536C22CB7C7DECA7C06EBD7A10CB71164	rtti_pointer_graph
raw/03D7CE48_000800_rtti_pointer_graph.bin	0x3D7CE48	2048	0C30AB8E66E6A30009C882B3F51FE8191889D5C0D53A993F6CEB0E9E0497712A	rtti_pointer_graph
raw/043349B0_000800_rtti_pointer_graph.bin	0x43349B0	2048	EA2C683A1A4E16A76DB35C6B3C070B2C185DC5C2E57B0BB89E50BD85E873DFDF	rtti_pointer_graph
raw/04334010_0000B0_rtti_pointer_graph.bin	0x4334010	176	2A13E02D62CB342091597401CE0F0AB88541FC6B46B26C4B766BB1DB9F6DF49F	rtti_pointer_graph
raw/04333360_000800_rtti_pointer_graph.bin	0x4333360	2048	678AB41065108209EB4C8946AB1D737B438C0A5159A27360D957B4BD813FA947	rtti_pointer_graph
raw/03D7DF20_000800_rtti_pointer_graph.bin	0x3D7DF20	2048	2740BDB103EC66D149F101ADA5FF2E6970325D1B195E8372FD3DB567218BE7D3	rtti_pointer_graph
raw/04332D90_000800_rtti_pointer_graph.bin	0x4332D90	2048	072786B5E91713B87125356D909F492A9EA6F0E40A05BED0E0EFA4C71DA78793	rtti_pointer_graph
raw/03D82200_000800_rtti_pointer_graph.bin	0x3D82200	2048	A5B33C73FA9375E06E93785CA38BA1B28225E0916B7783A478E64E4E851F8EC9	rtti_pointer_graph
raw/041D5F30_000800_rtti_pointer_graph.bin	0x41D5F30	2048	5A2D173C4D93853252A2CD8F42BFEF870A9C3F039451AC465E47E3BB46E38EB5	rtti_pointer_graph
raw/03D7DDE0_000800_rtti_pointer_graph.bin	0x3D7DDE0	2048	2DE97A7CF057B82136AF16F03623DAA8664DBBAEFF068E39FE88FA53809252CD	rtti_pointer_graph
raw/04333E70_000800_rtti_pointer_graph.bin	0x4333E70	2048	35A92CE148D537691FF804F627408AEB81CBD5C06DC721626C909775DD26F370	rtti_pointer_graph
raw/04333400_000800_rtti_pointer_graph.bin	0x4333400	2048	04D56BEED0C0AD1C8B5DE28FE3B6AA7E82F99C25139F33E23B4077117103392A	rtti_pointer_graph
raw/06066150_000800_rtti_pointer_graph.bin	0x6066150	2048	B1F27B6C7FD179BF53BD1C1A6D85C17EB9CCA6ACC47794DDB658D474AE376479	rtti_pointer_graph
raw/03D823E8_000800_rtti_pointer_graph.bin	0x3D823E8	2048	F382CFDA27E0F851DFE8B73C776D0B8CE94D7A02823264F8730D0786B656B7C9	rtti_pointer_graph
raw/03D7B768_000800_rtti_pointer_graph.bin	0x3D7B768	2048	8C0F29982E32F751FCE2805F6538C221417B97344C4C56D5E14201EA185C3AF3	rtti_pointer_graph
raw/03D80AE8_000800_rtti_pointer_graph.bin	0x3D80AE8	2048	38815AC8B11BB52D6383AD1A7D26B816715BFD295338FD933E5B54F84BE6100A	rtti_pointer_graph
raw/03D7B7D8_000800_rtti_pointer_graph.bin	0x3D7B7D8	2048	B7A8FB41BF765D530F8F2C4BECCE10C46D67D319990CCDEB43F6B9C87F36B71E	rtti_pointer_graph
raw/03D7F818_000800_rtti_pointer_graph.bin	0x3D7F818	2048	29DD0CBCD881D7B74F7C620579A22862EDAA8F6F902956C36F28FF7161D81951	rtti_pointer_graph
raw/03D7B748_000800_rtti_pointer_graph.bin	0x3D7B748	2048	9F4EBA1FA9A5EAFBD692160BD13CECA4415037DE0880106B2A3C270FA895A3FA	rtti_pointer_graph
raw/03D7B800_000800_rtti_pointer_graph.bin	0x3D7B800	2048	1717C71E8B42772EE2A7E0B65BB2B417983308568655A789004F624FE88F0285	rtti_pointer_graph
raw/03B50860_000800_rtti_pointer_graph.bin	0x3B50860	2048	DA56F68A244BCC5AB52C600685098967E25B0E957567992B0C51C85DC6186217	rtti_pointer_graph
raw/03B507E0_000800_rtti_pointer_graph.bin	0x3B507E0	2048	97E4ECCEBCDD033D57B5B6AA3B287198DA7093A508C3AD108F3CE02C891CC0C8	rtti_pointer_graph
raw/03DFAD70_000800_rtti_pointer_graph.bin	0x3DFAD70	2048	6526AB055A654089BD16A379F21AB919002AE2D12B0498928AC15E0020E09433	rtti_pointer_graph
raw/02DDDE80_000800_rtti_pointer_graph.bin	0x2DDDE80	2048	92E4E6F0E2AB946BDB3BC14DAF2E2D26D4D9E062FBB5841BD3A07220EA792AFC	rtti_pointer_graph
raw/03B52780_000800_rtti_pointer_graph.bin	0x3B52780	2048	B6C269FCFF3AEAAEC23B1FC9C7B8F320C665938DCE8FD3C7D322A092983591E9	rtti_pointer_graph
raw/03D7CC28_000800_rtti_pointer_graph.bin	0x3D7CC28	2048	E47F1E29437DC88E3CA2CD6449C0774ADE1F55BCE4686DFDD7A33A2FDDFB31F1	rtti_pointer_graph
raw/04333870_0000B0_rtti_pointer_graph.bin	0x4333870	176	C595712F79F015EE15D0BAD3B4796B05A6664A035CD3544E23B692F0B6966882	rtti_pointer_graph
raw/04332CA8_000800_rtti_pointer_graph.bin	0x4332CA8	2048	6500EA8CD7E008897990D72168082D236A572AA8C64B224E85A75E8AFE57FDB3	rtti_pointer_graph
raw/04332C88_000800_rtti_pointer_graph.bin	0x4332C88	2048	8495EA2CC39E2CA3E839D09D397F68585A2EE481DECC7E56CA3722ACA64D8D21	rtti_pointer_graph
raw/044F1AF0_000800_rtti_pointer_graph.bin	0x44F1AF0	2048	AA5DBB2929ABBCCEB92E0201D08EAD18A7B0C9DE2ECF7CDDD79818B26BCECF56	rtti_pointer_graph
raw/04333AD0_000800_rtti_pointer_graph.bin	0x4333AD0	2048	A6CAA87664383493D7662CA63CF7E2170F0D2D5541C191D3934099311B700850	rtti_pointer_graph
raw/03D7FD60_000800_rtti_pointer_graph.bin	0x3D7FD60	2048	425A2C832B5AC8688EBBAEDACF16E7B633FF5AC34245962E5490A800EBF00384	rtti_pointer_graph
raw/043330E0_000800_rtti_pointer_graph.bin	0x43330E0	2048	E687808E01EE6246C6BC948BE50B68F05BA176D99A19FEC6B2C58AF2815401EA	rtti_pointer_graph
raw/04332ED0_000800_rtti_pointer_graph.bin	0x4332ED0	2048	9DFB8345C44BD45FC9EF658829E9360B4A1191EEC9987EC34D0875F74CA77402	rtti_pointer_graph
raw/03B50520_000800_rtti_pointer_graph.bin	0x3B50520	2048	B16CB538CEF56028CE0066ABBCD01A0AF9B85370AE5A86EE730FA516E02E7E45	rtti_pointer_graph
raw/02DDD2E0_000800_rtti_pointer_graph.bin	0x2DDD2E0	2048	7085310ACD0EB96B005284F48B1374CB45C86ED7A22877B9B91B85A52D67F837	rtti_pointer_graph
raw/02DDF340_000800_rtti_pointer_graph.bin	0x2DDF340	2048	8A73EC82C9E112BFF2F47D70B7276CD7359CED731BB186F698FA5587479A8C65	rtti_pointer_graph
raw/02DDD050_000800_rtti_pointer_graph.bin	0x2DDD050	2048	7A7155D457798326392A90B7D77C4376790789204F593D01256627A28DB5CC65	rtti_pointer_graph
raw/02DE4330_000800_rtti_pointer_graph.bin	0x2DE4330	2048	5BF2D32C8D112F2606C5B020DA49621DF91F77DB5DF29319745302E9A608DF93	rtti_pointer_graph
raw/02DE76B0_000800_rtti_pointer_graph.bin	0x2DE76B0	2048	DDD5C48C344B15134621024A23CCE0AC0B54BF6E1F53C3A02BE8FD6864800211	rtti_pointer_graph
raw/02DE77D0_000800_rtti_pointer_graph.bin	0x2DE77D0	2048	9D371D25EC07BF877BDBCAE322C9C1CE2C9AB917E09FA0493DA4B19159E570DE	rtti_pointer_graph
raw/02DE6F50_000800_rtti_pointer_graph.bin	0x2DE6F50	2048	B0482FED1B50A6A0D09C37E586F97FBB157709248077896CB3A268B5E23EFD2F	rtti_pointer_graph
raw/02DE2B70_000800_rtti_pointer_graph.bin	0x2DE2B70	2048	BA6D5DA016BE515DCAA131B6742B046DC46D43D160BE3EAF149CC468060F9FE4	rtti_pointer_graph
raw/04335CE0_000800_rtti_pointer_graph.bin	0x4335CE0	2048	FF0E55FDF929B88B08EAC19AEB1FF71037CA3DD3503B7C4F463989AE0B7892FA	rtti_pointer_graph
raw/04335C30_000800_rtti_pointer_graph.bin	0x4335C30	2048	1040280292C41319EFA9D983D7F5598F9E7A4558E8C042D6924A0C0AE1695A08	rtti_pointer_graph
raw/03B35500_000800_rtti_pointer_graph.bin	0x3B35500	2048	72DE31473FF68517EADE5BAE22A83B3159891CA372BCB55F472CC14FA3CED950	rtti_pointer_graph
raw/02DE7110_000800_rtti_pointer_graph.bin	0x2DE7110	2048	C8E82BBD0F860F5A3880C3B17EE008AD01441E66007589ADD98D2D96665E8811	rtti_pointer_graph
raw/02DE00D0_000800_rtti_pointer_graph.bin	0x2DE00D0	2048	4EB826C83E2256BC58AA08EB27A3B45864FE2CAA6CAE058E2205F93C1CFF47F6	rtti_pointer_graph
raw/043357D0_000800_rtti_pointer_graph.bin	0x43357D0	2048	9A48BFBE55A6D78E76ADE0365AB2E549F107C710E1E359117B227DB612AF94CF	rtti_pointer_graph
raw/02DE1B30_000800_rtti_pointer_graph.bin	0x2DE1B30	2048	FCF5338C490BABA6C009FA2BAFEE43203472199AF91BED8DAD4D3935012B74A8	rtti_pointer_graph
raw/03D85528_000800_rtti_pointer_graph.bin	0x3D85528	2048	82356736CCDFC08D2B337E57E91B82BDB0F204AA3C766ED78F70FA042DB30E72	rtti_pointer_graph
raw/03D7B700_000028_EDSItemId_descriptor.bin	0x3D7B700	40	308FF2DDA506255C247D590476DD275999903BB677251349065D8B400A3A05BB	EDSItemId_descriptor
raw/03D823C0_000028_catalogue_tab_descriptor.bin	0x3D823C0	40	2077E3839CCE297447699A81FED41167B0055EE73132FD8DF540B006568E5428	catalogue_tab_descriptor
raw/0183E260_000100_target_entry.bin	0x183E260	256	B977EF4B33F2E379FA03B55932630ABB5386208965A3156C5D7B727EC8C983AA	target_entry
raw/0183E340_000100_target_entry.bin	0x183E340	256	CA506B06FDF9608B0E0CA6652ADB3F7ADFE6CBB92E00869A87F869BBAFBDB680	target_entry
raw/0183DFB0_000100_target_entry.bin	0x183DFB0	256	874942A529C170D94AF84F251D1A0FC96E2901F8B189EB4F6B7D64D2988D9256	target_entry
raw/0183E350_000100_target_entry.bin	0x183E350	256	9A5324A82D50751B1454FC6E19B516F9663AF92F72FDE01E02F4638222757E2A	target_entry
raw/0183E140_000100_target_entry.bin	0x183E140	256	E796BD787BF6A6AC71CBEFB0531E1C5A06D5B9C1A5DEAAE17DC15E1281F887DA	target_entry
raw/0183DF00_000100_target_entry.bin	0x183DF00	256	C3430ABB1CE669C2F3C922C4769DED551365118BC2E3EE94E49C77EDBB8E3298	target_entry
raw/0183E3E0_000100_target_entry.bin	0x183E3E0	256	B541DF502A562AD53DB214A5368628FA314B9CC211A8F05C025797DC93D521D1	target_entry
raw/0183E400_000100_target_entry.bin	0x183E400	256	9F9F5E8AEB7BC561B1E009D21B979D5AC3ABD13082B998461958F8FCF7A9E852	target_entry
raw/0183E070_000100_target_entry.bin	0x183E070	256	B9403E5E7013D41FCEB5A34A8FD9C92B181CDE1F81575E7CF3C12829959A6396	target_entry
raw/0183E060_000100_target_entry.bin	0x183E060	256	307A088B91648043A2660CFA7A383D778681B4B2E0DB5D9C2E51729357750564	target_entry
raw/0183E410_000100_target_entry.bin	0x183E410	256	9D6C04424EB1BBECA9DEE54160A75282EF5100739751D108C27F14C5D3A2FA87	target_entry
raw/014C44A0_000100_target_entry.bin	0x14C44A0	256	A42E7096894A6C51F3AB98854CA8FE47CD693D3D3ABD1AFE2FBF4E900E09DEA0	target_entry
raw/0183E250_000100_target_entry.bin	0x183E250	256	942316C89D280C83FBB611AE8493E122819995115480B9E7FBE65D7BC91DABF7	target_entry
raw/014B7760_000100_target_entry.bin	0x14B7760	256	05D67D7DF03CD6EE06D6FA60E33AACFEB37CD8BB8B3F6584F3B5D8C2600EF301	target_entry
raw/039B9800_000080_instruction_data.bin	0x39B9800	128	9D4CB64FCFF7943939A73386C05FF6C9D5BDA9F23BA0BE8B5F28C74ADD16D1E6	instruction_data
raw/0623EBF8_000080_instruction_data.bin	0x623EBF8	128	38723A2E5E8A17AA7950DC008209944E898F69A7BD10A23C839D341E935FD5CA	instruction_data
raw/0182AC80_000100_target_entry.bin	0x182AC80	256	8438E0ABF7CDFD2BB8B1DF039060DADB63734068327BF8B980E83DB987AC2D55	target_entry
raw/0623E540_000080_instruction_data.bin	0x623E540	128	38723A2E5E8A17AA7950DC008209944E898F69A7BD10A23C839D341E935FD5CA	instruction_data
raw/062473F8_000080_instruction_data.bin	0x62473F8	128	38723A2E5E8A17AA7950DC008209944E898F69A7BD10A23C839D341E935FD5CA	instruction_data
raw/0182D030_000100_target_entry.bin	0x182D030	256	9D23F06269390EC0DBA940E9F2B548045B86D6EF17E73978BCBB3BEE12A6BF36	target_entry
raw/018292E0_000100_target_entry.bin	0x18292E0	256	05A1899084F20A65D3D2E48D98962C28170E87E89715B5C08D1835CDB9F6D26B	target_entry
raw/0623FA20_000080_instruction_data.bin	0x623FA20	128	38723A2E5E8A17AA7950DC008209944E898F69A7BD10A23C839D341E935FD5CA	instruction_data
raw/01829760_000100_target_entry.bin	0x1829760	256	F3B468DE8DDD64054080D7FB09ADF0C27AE6A8D362D369BA029D4BD6D868A823	target_entry
raw/0182CFC0_000100_target_entry.bin	0x182CFC0	256	826AF5C106C7104E76C24AFDE8B0CCF5020991CBAA2724DC1BE045871C68AB15	target_entry
raw/0182B590_000100_target_entry.bin	0x182B590	256	795D64F735E5B4FC337F349E0251CDE5ABFAE2AC9E9B2A5F54AED6F7FAA209D2	target_entry
raw/01829620_000100_target_entry.bin	0x1829620	256	24AA15D9A3882AEA545D76F571FE1F29ED25B688D5EA939583C0E0AB463856FD	target_entry
raw/01829DE0_000100_target_entry.bin	0x1829DE0	256	4D612D48C2FBB98A80BC465BD28484DDA2F6D3E0F6C1F157955E5B428D6358A3	target_entry
raw/0623EB50_000080_instruction_data.bin	0x623EB50	128	38723A2E5E8A17AA7950DC008209944E898F69A7BD10A23C839D341E935FD5CA	instruction_data
raw/0182CEE0_000100_target_entry.bin	0x182CEE0	256	E4C4075F6E16661313F01AC8F3F4A3398871B3366912B637E5CBA0585FD2F972	target_entry
raw/018277B0_000100_target_entry.bin	0x18277B0	256	03DFEE22813EB572EA708BB6AD6A7A9C009538A3A7638C1BE77FFAB66C01C178	target_entry
raw/0182A0C0_000100_target_entry.bin	0x182A0C0	256	120CE13DA40351ED0FA6042F40FED318A948439271388662DB03D42B880B2592	target_entry
raw/0182CF50_000100_target_entry.bin	0x182CF50	256	CB5663EF8B74125AE7565663BB9BF19F2F91D2F32A924CDF1B4B068757B8FEC2	target_entry
raw/0171FBA0_000100_target_entry.bin	0x171FBA0	256	CFF05E05D7ADA62400FC30551B65A66728F4F2DD53DF5A378409DAF0FB20DE49	target_entry
raw/01829CE0_000100_target_entry.bin	0x1829CE0	256	FBA83AFCA521446328F5E1FD787ABCE1D5E71EC9F3FFC9C5A41B4F3BA831B804	target_entry
raw/0182A250_000100_target_entry.bin	0x182A250	256	8E69D27F69474BC471DFAEAD780AE399B8DCC5B5D881E3883B746D4BC6C62B36	target_entry
raw/01529860_000100_target_entry.bin	0x1529860	256	72EE7FEBDBAB8557DF413510884CB698634CBF165218B4E3D6ED04BE7CC826CE	target_entry
raw/0A1B8970_000080_instruction_data.bin	0xA1B8970	128	38723A2E5E8A17AA7950DC008209944E898F69A7BD10A23C839D341E935FD5CA	instruction_data
raw/017ABD80_000100_target_entry.bin	0x17ABD80	256	AC4041133273012D98AF7723A120BEA1AD3333C9E3E1B3968B25DA527FB7B5F5	target_entry
raw/041BDB58_000080_instruction_data.bin	0x41BDB58	128	C3D6527181B1187B606157B1D939432B2CF282F0C1A5CC9022ACC4C3B1BCEB95	instruction_data
raw/041C1500_000080_instruction_data.bin	0x41C1500	128	38723A2E5E8A17AA7950DC008209944E898F69A7BD10A23C839D341E935FD5CA	instruction_data
raw/041C1508_000080_instruction_data.bin	0x41C1508	128	38723A2E5E8A17AA7950DC008209944E898F69A7BD10A23C839D341E935FD5CA	instruction_data
raw/00B6F9C0_000100_target_entry.bin	0xB6F9C0	256	8F75DFDFC06CF5965C46C6E75568AE4C8CC31AB895D4E4E75E7D25A041BCDD4E	target_entry
raw/014A34C0_000100_target_entry.bin	0x14A34C0	256	E0407722808EB7B79192BDEEB13B100B5497CCA1F5232FF9446A3AFB8153E5BF	target_entry
raw/0151E750_000100_target_entry.bin	0x151E750	256	ABECE5867BD80F6A8C5A21822D224D6E07DCF51EE57CCCE180302C7781B75C0E	target_entry
raw/0171C070_000100_target_entry.bin	0x171C070	256	E6AC188932CDD707BCD75BFA31D8E218E8FD46FEDF1C2ADDCA10C111BCD8FE3E	target_entry
raw/01878110_000100_target_entry.bin	0x1878110	256	16E73848DA00082A97EF370F74B232E2C121F7B8BA4E2EF65439E91DB7DF0B61	target_entry
raw/01720560_000100_target_entry.bin	0x1720560	256	05C268D3E2B36EE3B80CD95BF0EB822D06C4F6A2D3C38042414ED571F392FE4C	target_entry
raw/01767670_000100_target_entry.bin	0x1767670	256	7E92070B090BBC196E7B4A81D05D0B0C61C26D497E1F65EC63B27DE12071693F	target_entry
raw/014A7620_000100_target_entry.bin	0x14A7620	256	606174ADC44D88015C81BE6CC88A020C1B37D32F0D316AF9AB899AA8376E39EF	target_entry
raw/0171DF10_000100_target_entry.bin	0x171DF10	256	3AFBB200859737D5583D767513CDB4ECAD0F4D2937095FE500C243F1851504D9	target_entry
raw/0623EA48_000080_instruction_data.bin	0x623EA48	128	38723A2E5E8A17AA7950DC008209944E898F69A7BD10A23C839D341E935FD5CA	instruction_data
raw/00B70A30_000100_target_entry.bin	0xB70A30	256	520DD0F77FDF4ABF38F14F20025DE032B93687112C119D9C2689690670B613D1	target_entry
raw/0171BDD0_000100_target_entry.bin	0x171BDD0	256	66CCF309C1D6C7770CD678A1A3E41763213A63A81D7B20DB883DA037A1AC8B4F	target_entry
raw/01734B40_000100_target_entry.bin	0x1734B40	256	96801856F2060264825338B6B4BF0529BF191B6E154F5AA12D7A4CC2CE1A2E2E	target_entry
raw/0623E4C0_000080_instruction_data.bin	0x623E4C0	128	38723A2E5E8A17AA7950DC008209944E898F69A7BD10A23C839D341E935FD5CA	instruction_data
raw/062473C8_000080_instruction_data.bin	0x62473C8	128	38723A2E5E8A17AA7950DC008209944E898F69A7BD10A23C839D341E935FD5CA	instruction_data
raw/01720250_000100_target_entry.bin	0x1720250	256	702B6B8C69ECFAF4D32E0AAFD322EA83740ECF6BC65A4D6CE070A3A5E1105061	target_entry
raw/0171CF70_000100_target_entry.bin	0x171CF70	256	1B50DCA700141EF45CAADDBD29CF40E5F26611FA562851B46701DEC3098915E0	target_entry
raw/0171BBF0_000100_target_entry.bin	0x171BBF0	256	84E565170722F72BE7943974758B562A5880CE01D003B0FF344646252EF143BB	target_entry
raw/0171E150_000100_target_entry.bin	0x171E150	256	ED5170A7B3ACF033310F33EE9C8E564239792188D000135FF44199432658532C	target_entry
raw/0171FD10_000100_target_entry.bin	0x171FD10	256	31D57F4A5FA450277C0D516A23065BADD56A43649BE924C0FAC5C59818C1CD8A	target_entry
raw/0171E640_000100_target_entry.bin	0x171E640	256	B537D2FE3633CB819EAE79DE0672CC98AF1BC04F21F4DE6221F323963E8E9319	target_entry
raw/06285B40_000080_instruction_data.bin	0x6285B40	128	38723A2E5E8A17AA7950DC008209944E898F69A7BD10A23C839D341E935FD5CA	instruction_data
raw/06285B5C_000080_instruction_data.bin	0x6285B5C	128	38723A2E5E8A17AA7950DC008209944E898F69A7BD10A23C839D341E935FD5CA	instruction_data
raw/0623DF40_000080_instruction_data.bin	0x623DF40	128	38723A2E5E8A17AA7950DC008209944E898F69A7BD10A23C839D341E935FD5CA	instruction_data
raw/0171E3F0_000100_target_entry.bin	0x171E3F0	256	8D92D9E2B70A63DE913278D9E5E4D03C5A9E56A7CCEDAAA22905B8986856CFFF	target_entry
raw/01720380_000100_target_entry.bin	0x1720380	256	C501D516F89D458596EB40D37F6AFBA5438D0EF724F3B4D1B9566E7BC63B4AD8	target_entry
raw/0149F920_000100_target_entry.bin	0x149F920	256	300C567D13556CCDAEB149CA3815C92565398343A9D2CBA07E3EEB1617489CBB	target_entry
raw/0182C190_000100_target_entry.bin	0x182C190	256	F9F9E416252A4BE4750DBD34CEFD866ED79D9550B5B8F6EEB7AEFD4ECDD1ECF9	target_entry
raw/00BE91A0_000100_target_entry.bin	0xBE91A0	256	F05D93602FD3B4E0EE2F91ECC5AD1C01F3C05169AE8013996A129A4819F6C639	target_entry
raw/01720410_000100_target_entry.bin	0x1720410	256	368F6226822B622DAEB675F9026C6F5CCBDA53649C29E41C512F1BC77967D732	target_entry
raw/0182A7A0_000100_target_entry.bin	0x182A7A0	256	7E01A9692FFC182A6855C2036CE1A3B59E4D01CB3DB3394DD65EBF042DAF2817	target_entry
raw/00B707E0_000100_target_entry.bin	0xB707E0	256	3D69CA515C89C20C13E3929E05BAF1874B779941BCBDDAF8A27A2C453FD22EDA	target_entry
raw/02C173C0_000080_instruction_data.bin	0x2C173C0	128	DF9699CC7F79D53149AFA37B26D8E2ED3C07B8E11AF889E72EF4376BD70658CD	instruction_data
raw/02C173E8_000080_instruction_data.bin	0x2C173E8	128	8DAAE1F061E02D06C5B4438F5083F3767CDDEC88C3C8D8216787FB996FDB5CD1	instruction_data
raw/02C173F0_000080_instruction_data.bin	0x2C173F0	128	27949970D7E941F362454B0917F1D469870CE2630A1C5112CE569A8580759C65	instruction_data
raw/0182AF10_000100_target_entry.bin	0x182AF10	256	75F8406AF32369121770A0544A95FE71E2778884FD741236D22F2880393A9E22	target_entry
raw/0182A4B0_000100_target_entry.bin	0x182A4B0	256	AF2107A11512E170E387D177676D8E3A67C19EE3A4852FAD673CC42B9877ED38	target_entry
raw/014A72E0_000100_target_entry.bin	0x14A72E0	256	4CF55B6D0FE61B0BA923AA13C7AFC7E3A9013805DE0F1E149FE5CC830BFC73F2	target_entry
raw/0149FF80_000100_target_entry.bin	0x149FF80	256	E80E1495B2692E49916929DD74DC66447CF858938C47658EF57B4469473CAB7A	target_entry
raw/06281F48_000080_instruction_data.bin	0x6281F48	128	38723A2E5E8A17AA7950DC008209944E898F69A7BD10A23C839D341E935FD5CA	instruction_data
raw/00B6FC20_000100_target_entry.bin	0xB6FC20	256	695A46384C6D056515D9902123E1FE202E3845E60DF08058497B5C6CC117052C	target_entry
raw/00B6E300_000100_target_entry.bin	0xB6E300	256	8DA6AC716E359569644C7F9EDCA8FF7FC700F8D4FDB38375065F6A848EF54BD7	target_entry
raw/0171FDF0_000100_target_entry.bin	0x171FDF0	256	134DFAC6458531BC9BF0E89B6E79116B2D9E0A710EA0699156C4D355C73137EE	target_entry
raw/00714BE0_000100_target_entry.bin	0x714BE0	256	E2436C10821C8F180E1C59AD55B076D9AAE1C1044CCFB88998DF93F584A0E6BD	target_entry
raw/0623E338_000080_instruction_data.bin	0x623E338	128	38723A2E5E8A17AA7950DC008209944E898F69A7BD10A23C839D341E935FD5CA	instruction_data
raw/0623DEB0_000080_instruction_data.bin	0x623DEB0	128	38723A2E5E8A17AA7950DC008209944E898F69A7BD10A23C839D341E935FD5CA	instruction_data
raw/0623FB68_000080_instruction_data.bin	0x623FB68	128	38723A2E5E8A17AA7950DC008209944E898F69A7BD10A23C839D341E935FD5CA	instruction_data
raw/03461B98_000080_instruction_data.bin	0x3461B98	128	D59535F4DDE7249264238803918D66647C73C245260E0C06A8648432D0E08B8A	instruction_data
raw/03461918_000080_instruction_data.bin	0x3461918	128	488CE5BE027BC05E30C8A0FFBA4E5AD14DF89BE56749D9BE376A26F8DE0E000C	instruction_data
raw/03462230_000080_instruction_data.bin	0x3462230	128	B5C20152A10D95192869EEECD5D1D1F3B65BFDF0D00837B47FFB3B3463324D37	instruction_data
raw/04281B95_000080_instruction_data.bin	0x4281B95	128	40E33581850E4C1AEB1AECBCDA54B30C2540B09166F437D7DAB8A8945281EE58	instruction_data
raw/04281B94_000080_instruction_data.bin	0x4281B94	128	B7E25AD48A1D31CDB8A83CE6084D365627A8A38D2B75C58D623C768F228C1B88	instruction_data
raw/04281B9E_000080_instruction_data.bin	0x4281B9E	128	1E58159FAF6F2F9E29198300740CC49064C08433C145467C055A2FDACF64822C	instruction_data
raw/04281B90_000080_instruction_data.bin	0x4281B90	128	2F00FC9ACDF056297415030E1369AF84D23DD0A3842DADFA54FBA426ABE83C25	instruction_data
raw/04281B92_000080_instruction_data.bin	0x4281B92	128	FEC5EF96D4178586F9F680EFE32E359E0F84C15FF405409472E7F04BAA13EC0F	instruction_data
raw/0623E4B0_000080_instruction_data.bin	0x623E4B0	128	38723A2E5E8A17AA7950DC008209944E898F69A7BD10A23C839D341E935FD5CA	instruction_data
raw/0623E6A0_000080_instruction_data.bin	0x623E6A0	128	38723A2E5E8A17AA7950DC008209944E898F69A7BD10A23C839D341E935FD5CA	instruction_data
raw/0623E518_000080_instruction_data.bin	0x623E518	128	38723A2E5E8A17AA7950DC008209944E898F69A7BD10A23C839D341E935FD5CA	instruction_data
raw/0623E5F0_000080_instruction_data.bin	0x623E5F0	128	38723A2E5E8A17AA7950DC008209944E898F69A7BD10A23C839D341E935FD5CA	instruction_data
raw/0623E678_000080_instruction_data.bin	0x623E678	128	38723A2E5E8A17AA7950DC008209944E898F69A7BD10A23C839D341E935FD5CA	instruction_data
raw/0623E688_000080_instruction_data.bin	0x623E688	128	38723A2E5E8A17AA7950DC008209944E898F69A7BD10A23C839D341E935FD5CA	instruction_data
raw/0623E680_000080_instruction_data.bin	0x623E680	128	38723A2E5E8A17AA7950DC008209944E898F69A7BD10A23C839D341E935FD5CA	instruction_data
raw/0623E668_000080_instruction_data.bin	0x623E668	128	38723A2E5E8A17AA7950DC008209944E898F69A7BD10A23C839D341E935FD5CA	instruction_data
raw/0623E5A0_000080_instruction_data.bin	0x623E5A0	128	38723A2E5E8A17AA7950DC008209944E898F69A7BD10A23C839D341E935FD5CA	instruction_data
raw/0623EB30_000080_instruction_data.bin	0x623EB30	128	38723A2E5E8A17AA7950DC008209944E898F69A7BD10A23C839D341E935FD5CA	instruction_data
raw/0623FA10_000080_instruction_data.bin	0x623FA10	128	38723A2E5E8A17AA7950DC008209944E898F69A7BD10A23C839D341E935FD5CA	instruction_data
raw/0623EC28_000080_instruction_data.bin	0x623EC28	128	38723A2E5E8A17AA7950DC008209944E898F69A7BD10A23C839D341E935FD5CA	instruction_data
raw/0623F9B0_000080_instruction_data.bin	0x623F9B0	128	38723A2E5E8A17AA7950DC008209944E898F69A7BD10A23C839D341E935FD5CA	instruction_data
raw/02C17418_000080_instruction_data.bin	0x2C17418	128	9BC63CF35F88C2EC8EDBDD9171AB2B7D953A5D587C64919B6ABDEE1E90465450	instruction_data
raw/02C173D8_000080_instruction_data.bin	0x2C173D8	128	E6B7DE1D203EEB0E478A54E85A2FF63EA440130531F6A09FA747D69D2F6B730C	instruction_data
raw/02C173E0_000080_instruction_data.bin	0x2C173E0	128	92BFD308142E689D346898CA7368299A68E3F7507337D13906DDBCD68577370E	instruction_data
raw/0623DFA8_000080_instruction_data.bin	0x623DFA8	128	38723A2E5E8A17AA7950DC008209944E898F69A7BD10A23C839D341E935FD5CA	instruction_data
raw/0623F9F8_000080_instruction_data.bin	0x623F9F8	128	38723A2E5E8A17AA7950DC008209944E898F69A7BD10A23C839D341E935FD5CA	instruction_data
raw/0623E5E8_000080_instruction_data.bin	0x623E5E8	128	38723A2E5E8A17AA7950DC008209944E898F69A7BD10A23C839D341E935FD5CA	instruction_data
raw/0623EAD8_000080_instruction_data.bin	0x623EAD8	128	38723A2E5E8A17AA7950DC008209944E898F69A7BD10A23C839D341E935FD5CA	instruction_data
raw/0623E4D8_000080_instruction_data.bin	0x623E4D8	128	38723A2E5E8A17AA7950DC008209944E898F69A7BD10A23C839D341E935FD5CA	instruction_data
raw/0623E638_000080_instruction_data.bin	0x623E638	128	38723A2E5E8A17AA7950DC008209944E898F69A7BD10A23C839D341E935FD5CA	instruction_data
raw/0623F960_000080_instruction_data.bin	0x623F960	128	38723A2E5E8A17AA7950DC008209944E898F69A7BD10A23C839D341E935FD5CA	instruction_data
raw/0623E528_000080_instruction_data.bin	0x623E528	128	38723A2E5E8A17AA7950DC008209944E898F69A7BD10A23C839D341E935FD5CA	instruction_data
raw/0623EB08_000080_instruction_data.bin	0x623EB08	128	38723A2E5E8A17AA7950DC008209944E898F69A7BD10A23C839D341E935FD5CA	instruction_data
raw/063C0060_000080_instruction_data.bin	0x63C0060	128	38723A2E5E8A17AA7950DC008209944E898F69A7BD10A23C839D341E935FD5CA	instruction_data
raw/0623E698_000080_instruction_data.bin	0x623E698	128	38723A2E5E8A17AA7950DC008209944E898F69A7BD10A23C839D341E935FD5CA	instruction_data
raw/0623E5D0_000080_instruction_data.bin	0x623E5D0	128	38723A2E5E8A17AA7950DC008209944E898F69A7BD10A23C839D341E935FD5CA	instruction_data
raw/0623E628_000080_instruction_data.bin	0x623E628	128	38723A2E5E8A17AA7950DC008209944E898F69A7BD10A23C839D341E935FD5CA	instruction_data
raw/0623E590_000080_instruction_data.bin	0x623E590	128	38723A2E5E8A17AA7950DC008209944E898F69A7BD10A23C839D341E935FD5CA	instruction_data
raw/0623F9F0_000080_instruction_data.bin	0x623F9F0	128	38723A2E5E8A17AA7950DC008209944E898F69A7BD10A23C839D341E935FD5CA	instruction_data
raw/0623E660_000080_instruction_data.bin	0x623E660	128	38723A2E5E8A17AA7950DC008209944E898F69A7BD10A23C839D341E935FD5CA	instruction_data
raw/0623FA08_000080_instruction_data.bin	0x623FA08	128	38723A2E5E8A17AA7950DC008209944E898F69A7BD10A23C839D341E935FD5CA	instruction_data
raw/0A1D5CA8_000080_instruction_data.bin	0xA1D5CA8	128	38723A2E5E8A17AA7950DC008209944E898F69A7BD10A23C839D341E935FD5CA	instruction_data
raw/0623FA18_000080_instruction_data.bin	0x623FA18	128	38723A2E5E8A17AA7950DC008209944E898F69A7BD10A23C839D341E935FD5CA	instruction_data
raw/0623E5C8_000080_instruction_data.bin	0x623E5C8	128	38723A2E5E8A17AA7950DC008209944E898F69A7BD10A23C839D341E935FD5CA	instruction_data
raw/0623E690_000080_instruction_data.bin	0x623E690	128	38723A2E5E8A17AA7950DC008209944E898F69A7BD10A23C839D341E935FD5CA	instruction_data
raw/0623F9C8_000080_instruction_data.bin	0x623F9C8	128	38723A2E5E8A17AA7950DC008209944E898F69A7BD10A23C839D341E935FD5CA	instruction_data
raw/0623E4F8_000080_instruction_data.bin	0x623E4F8	128	38723A2E5E8A17AA7950DC008209944E898F69A7BD10A23C839D341E935FD5CA	instruction_data
raw/06247288_000080_instruction_data.bin	0x6247288	128	38723A2E5E8A17AA7950DC008209944E898F69A7BD10A23C839D341E935FD5CA	instruction_data
raw/0623DE55_000080_instruction_data.bin	0x623DE55	128	38723A2E5E8A17AA7950DC008209944E898F69A7BD10A23C839D341E935FD5CA	instruction_data
raw/0623E630_000080_instruction_data.bin	0x623E630	128	38723A2E5E8A17AA7950DC008209944E898F69A7BD10A23C839D341E935FD5CA	instruction_data
raw/0623E558_000080_instruction_data.bin	0x623E558	128	38723A2E5E8A17AA7950DC008209944E898F69A7BD10A23C839D341E935FD5CA	instruction_data
raw/0623E000_000080_instruction_data.bin	0x623E000	128	38723A2E5E8A17AA7950DC008209944E898F69A7BD10A23C839D341E935FD5CA	instruction_data
raw/0A1D5CA0_000080_instruction_data.bin	0xA1D5CA0	128	38723A2E5E8A17AA7950DC008209944E898F69A7BD10A23C839D341E935FD5CA	instruction_data
raw/0623E548_000080_instruction_data.bin	0x623E548	128	38723A2E5E8A17AA7950DC008209944E898F69A7BD10A23C839D341E935FD5CA	instruction_data
raw/0623E5C0_000080_instruction_data.bin	0x623E5C0	128	38723A2E5E8A17AA7950DC008209944E898F69A7BD10A23C839D341E935FD5CA	instruction_data
raw/0623F998_000080_instruction_data.bin	0x623F998	128	38723A2E5E8A17AA7950DC008209944E898F69A7BD10A23C839D341E935FD5CA	instruction_data
raw/0623E498_000080_instruction_data.bin	0x623E498	128	38723A2E5E8A17AA7950DC008209944E898F69A7BD10A23C839D341E935FD5CA	instruction_data
raw/0623E5B8_000080_instruction_data.bin	0x623E5B8	128	38723A2E5E8A17AA7950DC008209944E898F69A7BD10A23C839D341E935FD5CA	instruction_data
raw/0623E5D8_000080_instruction_data.bin	0x623E5D8	128	38723A2E5E8A17AA7950DC008209944E898F69A7BD10A23C839D341E935FD5CA	instruction_data
raw/0623E670_000080_instruction_data.bin	0x623E670	128	38723A2E5E8A17AA7950DC008209944E898F69A7BD10A23C839D341E935FD5CA	instruction_data
raw/02C17410_000080_instruction_data.bin	0x2C17410	128	2B9BF78D15D362B04D42B7B70001DB60F3F0B9F6EF70A7D8A3199D3297CBDCF4	instruction_data
raw/02C173F8_000080_instruction_data.bin	0x2C173F8	128	BF98B2848F6E6125B5CE9D962BCAB1E34154E729406F5D041A0F8A86845E617B	instruction_data
raw/02C173A8_000080_instruction_data.bin	0x2C173A8	128	89CA891C1A668AB0EEA302AD50CF10A36E31E7F98A47CD9BBD75C75AE9A7793B	instruction_data
raw/0623F9B8_000080_instruction_data.bin	0x623F9B8	128	38723A2E5E8A17AA7950DC008209944E898F69A7BD10A23C839D341E935FD5CA	instruction_data
raw/00B6F0D0_000100_target_entry.bin	0xB6F0D0	256	171EA621DE33AAD7D785EABFCE19ECD3A2FC8161C8104EE30A226B40F718FB2C	target_entry
raw/0149ACE0_000100_target_entry.bin	0x149ACE0	256	6A01575B5FB9B5574CFAB14DF8D4C4C08C4DE14D9C7945049E3567FD55139857	target_entry
raw/0171D880_000100_target_entry.bin	0x171D880	256	E8AE4747327057B23748C3BD50338C0CF0CB51B61107AB704CEBA7F72FE11852	target_entry
raw/00B6EAA0_000100_target_entry.bin	0xB6EAA0	256	8B371B83893BF71FFCFBC12C16A7AD5050BC0D7D589473F598EE656008E70BB0	target_entry
raw/014909F0_000100_target_entry.bin	0x14909F0	256	B2514DA7FAA72577A0A08DCC488F95B9A2CF1A9A90C87F3DDE04FAEBE2CC1401	target_entry
raw/0623E5B0_000080_instruction_data.bin	0x623E5B0	128	38723A2E5E8A17AA7950DC008209944E898F69A7BD10A23C839D341E935FD5CA	instruction_data
raw/0171DE80_000100_target_entry.bin	0x171DE80	256	86FEC7E6EE4508E995B2039CEAEE8F564CC375C4C3B5AAED9E3C01762C24C506	target_entry
raw/01491210_000100_target_entry.bin	0x1491210	256	FFF7BD2048BE55CBC0228E001D7E09C20296587E9036E7D32E8013EF7B528CFB	target_entry
raw/014914A0_000100_target_entry.bin	0x14914A0	256	4B5C99CD2C34F831CFA42ABC4A487618FC7017E5B410D5B9E151336A3494AB15	target_entry
raw/00B6F900_000100_target_entry.bin	0xB6F900	256	5ED2D83259ACA639EC3BAC6F6593914FE4515068A72D203F7AEF1C22BB86D4E0	target_entry
raw/01491B10_000100_target_entry.bin	0x1491B10	256	EA18DEDC3653387EF6B7B520EE8D11FE335D1A90E9815CC544CBC71E07D3DB68	target_entry
raw/01493050_000100_target_entry.bin	0x1493050	256	4DF7FDCE7160B99C5C3C5754DDF9CEE59915490C7517A9EB3701D864B80C56E0	target_entry
raw/03461F38_000080_instruction_data.bin	0x3461F38	128	4475BFB2264B3E30B31AC5E67585039AA5351726582A52EDCD677E24B5440AA8	instruction_data
raw/01493390_000100_target_entry.bin	0x1493390	256	4DCEB2B1E2D44B1564AF45D713FBD2DE10107746668D673DC377EFAFA2880048	target_entry
raw/01491410_000100_target_entry.bin	0x1491410	256	4AEB7D44274D2F7E6E4429BECDFDA89F421E1D832A9C45114997FFEE36590E41	target_entry
raw/0171C590_000100_target_entry.bin	0x171C590	256	7285E1CD78C2BDED8BCD8A8B3033E32D15E3F601FEBE31794FBC50DBA6C61C24	target_entry
raw/0171E990_000100_target_entry.bin	0x171E990	256	AC8EC62ACA22883AF58B3A3C9BECBCE66047A13E77A0F3A778F1760A2773C23A	target_entry
raw/014A1D10_000100_target_entry.bin	0x14A1D10	256	088C22E7ACA978AED7AED3BBE2650399A2550AB84B4A0FB259FE1AA2E82F0508	target_entry
raw/01486A00_000100_target_entry.bin	0x1486A00	256	7B1BA48E46AE92FA56ED295AF4DDB8DCAAB0610F7E8D71F18CF78E925DD03846	target_entry
raw/00B70160_000100_target_entry.bin	0xB70160	256	D3C154EE9474BAAE3827F1B627F03F96A64E0F2B8092F1D822C0886B10943EC8	target_entry
raw/00B6FEE0_000100_target_entry.bin	0xB6FEE0	256	D811BE7675E29B5A3E39F87F2DAC960B7503CAE958D7FCAE8EBF9E9FEE6803B9	target_entry
raw/00B6F6C0_000100_target_entry.bin	0xB6F6C0	256	D113787EB9291543252AF9A93F007E16C036D8FECDEBCF7DC528A67B9ED6D805	target_entry
raw/00B77BD0_000100_target_entry.bin	0xB77BD0	256	6EE7C5B85E89DCC70DF0581FE257A999EE9B59F8E240B54DBCAD1D598EABEA70	target_entry
raw/00C13850_000100_target_entry.bin	0xC13850	256	173294C50A09B226C165A68D23BA570F932EEBFFEBC2495A5DA8F7F7282C8271	target_entry
raw/00BD42F0_000100_target_entry.bin	0xBD42F0	256	732F270502B96EB1761287D70A2B0B1710C261A969E32FFC6DA8038A3D500A14	target_entry
raw/00C34DD0_000100_target_entry.bin	0xC34DD0	256	AC13AB27648247DE3E0354B953FB33BA169DD8099FDF1D723605BA45E0CBFFE6	target_entry
raw/00B89140_000100_target_entry.bin	0xB89140	256	6B91E5762E3A46D8BF5F87B985BC5E8EE8D1732A7044787D2BCA1A56D62A517D	target_entry
raw/00C1ED10_000100_target_entry.bin	0xC1ED10	256	B7801F5F3D629849B57DD395A66E6CABE168176974606B08DE0FD90B8BEBE276	target_entry
raw/0346A780_000080_instruction_data.bin	0x346A780	128	945529AF86DBDA9F0205069E15C58241DBB61F6095FAAABC65E045F014E79D3D	instruction_data
raw/00BDFBC0_000100_target_entry.bin	0xBDFBC0	256	A7BB2AF3881CCCB7AA8778F7FF2A105A3AA1A9A3355DF376D42A0F8818D134B3	target_entry
raw/00B623A0_000100_target_entry.bin	0xB623A0	256	34B5D5E5395F10FCAAE7F4B364DC8223B446B3C1C60EA2DAFA953664D2A71BD5	target_entry
raw/00C08FA0_000100_target_entry.bin	0xC08FA0	256	F306B39AED84C742198C754CD6618EF12415CBB15E9BC1A34B0854EACAD00477	target_entry
raw/00B33990_000100_target_entry.bin	0xB33990	256	E9DAF1B43F05EB3320C7985E7AE9544CA069E1D9E7EB9242ADCC715D81B35E48	target_entry
raw/00C00390_000100_target_entry.bin	0xC00390	256	26B5A85C37284992FA942747A8946F18FCB9AD13451CFABB6F165C4AAC2AFFF4	target_entry
raw/018A01C0_000100_target_entry.bin	0x18A01C0	256	FE1ADF97FA4F7771BB829FAD8341BAF81978760468A5F235395E830DCB5513D7	target_entry
raw/0623F348_000080_instruction_data.bin	0x623F348	128	38723A2E5E8A17AA7950DC008209944E898F69A7BD10A23C839D341E935FD5CA	instruction_data
raw/0623F058_000080_instruction_data.bin	0x623F058	128	38723A2E5E8A17AA7950DC008209944E898F69A7BD10A23C839D341E935FD5CA	instruction_data
raw/0623F530_000080_instruction_data.bin	0x623F530	128	38723A2E5E8A17AA7950DC008209944E898F69A7BD10A23C839D341E935FD5CA	instruction_data
raw/0623F020_000080_instruction_data.bin	0x623F020	128	38723A2E5E8A17AA7950DC008209944E898F69A7BD10A23C839D341E935FD5CA	instruction_data
raw/0623F130_000080_instruction_data.bin	0x623F130	128	38723A2E5E8A17AA7950DC008209944E898F69A7BD10A23C839D341E935FD5CA	instruction_data
raw/00B63F20_000100_target_entry.bin	0xB63F20	256	8B70E643944180080E90D8F1AEEA3C20822528F0CEF4562AEE3E4CC37F40A70F	target_entry
raw/0623E538_000080_instruction_data.bin	0x623E538	128	38723A2E5E8A17AA7950DC008209944E898F69A7BD10A23C839D341E935FD5CA	instruction_data
raw/00C3FDC0_000100_target_entry.bin	0xC3FDC0	256	B9D527EDA9EC5DFB9D76872879B3410AC2BE282A9B7AF89059463FDDA4B48AFD	target_entry
raw/00C3B480_000100_target_entry.bin	0xC3B480	256	890432DA567E5896B207BE7941EDA780571CBA9BCEEA2753EA3310A68B3FDD66	target_entry
raw/00C3D640_000100_target_entry.bin	0xC3D640	256	6372A6B5D69A68BB2C71E83B15EDB050A5AD853184B1C16BF3D9DA50F4846B7A	target_entry
raw/00B69CA0_000100_target_entry.bin	0xB69CA0	256	6A09DD2CCC8E658792DBBD0A365AA81D0BE6953194807F4A2B1F636C206D6932	target_entry
raw/00B29160_000100_target_entry.bin	0xB29160	256	CD2E4C2931BB7C553E06F6BBF65C5C1AB8AEB5E0F25374AEE11877A8D79518ED	target_entry
raw/0623E4B8_000080_instruction_data.bin	0x623E4B8	128	38723A2E5E8A17AA7950DC008209944E898F69A7BD10A23C839D341E935FD5CA	instruction_data
raw/014A6BF0_000100_target_entry.bin	0x14A6BF0	256	FA26C6DB3BA07321095B07B45C2E9C09609419F473B16400D3F071C6910F8D06	target_entry
raw/014A5B70_000100_target_entry.bin	0x14A5B70	256	C97D3B7844179759390D887CE2835A1BC9D1A72ABE7F56D0490586F898910765	target_entry
raw/0149F740_000100_target_entry.bin	0x149F740	256	EAE05BAB354DFEA9D6044A4D53A040C26CE35A8E38191567BFDB4A772AF43732	target_entry
raw/06282040_000080_instruction_data.bin	0x6282040	128	38723A2E5E8A17AA7950DC008209944E898F69A7BD10A23C839D341E935FD5CA	instruction_data
raw/0628200C_000080_instruction_data.bin	0x628200C	128	38723A2E5E8A17AA7950DC008209944E898F69A7BD10A23C839D341E935FD5CA	instruction_data
raw/00B70380_000100_target_entry.bin	0xB70380	256	A756968B99B13ABF9DCE1780F097A707BC02BB946E763D4BEB6D0CC686A6EE15	target_entry
raw/00B709B0_000100_target_entry.bin	0xB709B0	256	24C784939CAC310DE25501FC75D263CCF97BEA5F7677CF7F2B1BFB611003C57D	target_entry
raw/0180BBC0_000100_target_entry.bin	0x180BBC0	256	A5F62235904B57F5031B9A61BF44AB7866FBB46FF5C6B02C37EDDED580C6C5C9	target_entry
raw/0147A960_000100_target_entry.bin	0x147A960	256	70ACE1B4A4B8AB60A76B95DA755C56108F2E628C919D129770C41D0D91EC8EC5	target_entry
raw/03B354E8_000080_instruction_data.bin	0x3B354E8	128	03933707A819FF6243063BDB84FCF123C64E59318BBAEC946A1721C4C6527FF9	instruction_data
raw/063B9F58_000080_instruction_data.bin	0x63B9F58	128	38723A2E5E8A17AA7950DC008209944E898F69A7BD10A23C839D341E935FD5CA	instruction_data
raw/014858C0_000100_target_entry.bin	0x14858C0	256	97FA336FA5C659DFCE0A88661E99A98F8A422F35C8B404FE2C2A5A599AE46962	target_entry
raw/0180EA50_000100_target_entry.bin	0x180EA50	256	DD5E9E873AEEE98F02195E4A844E523D20A485C17A7937CEB8CCF4ED081FF1A2	target_entry
raw/017B3B00_000100_target_entry.bin	0x17B3B00	256	5A21966D2A8B90AF2E1736863BC0C24C391976EF4E5135C779162664A289D9DC	target_entry
raw/017C0120_000100_target_entry.bin	0x17C0120	256	3EB5E2592E7D14E941B8BB29A52F9E7EA3A73E4ED0438FF8E346363E9C4FAA49	target_entry
raw/017B2890_000100_target_entry.bin	0x17B2890	256	A6045E411FCBC0BAEB65121CD48E4E57FF0670FE31E1A7AE55813224AB7DEE16	target_entry
raw/017621E0_000100_target_entry.bin	0x17621E0	256	DF805F44D3FF3AEF98AF0B11EA87913921A84C207C4CE8DC2C402A7DA3809A71	target_entry
raw/01489DE0_000100_target_entry.bin	0x1489DE0	256	C71AD2803E65B2CA8593E54C8A25708A2478F038172E06BEB294A05A165FC41C	target_entry
raw/0149F820_000100_target_entry.bin	0x149F820	256	A688B1AB3E97A0079F0BFF9CEE1799BB0037F672A78A1DE618503872A4AE62D3	target_entry
raw/017207B0_000100_target_entry.bin	0x17207B0	256	938D1B7B2D152A86D964B5B88CFFD012DFA94632B0F6DCAF8084E80E4B33AF0E	target_entry
raw/0149F9B0_000100_target_entry.bin	0x149F9B0	256	D2AFE91682543673EE1329576F20751E9D2FDF18B3A38D1D787EEC40685DEE9D	target_entry
raw/00BE7D90_000100_target_entry.bin	0xBE7D90	256	FB61FB043860948B26EEB41F6955673148F2EA9F1347A63369410B06FE3C4D9E	target_entry
raw/0171E800_000100_target_entry.bin	0x171E800	256	94323A36EC61298EEA1374624E0EAEE3B27CDB17C659DAC628555F77434C41ED	target_entry
raw/014A7DC0_000100_target_entry.bin	0x14A7DC0	256	B632C356D373C2C0E2D3A7C4371E08CB6CF482E40728D01669528FFE431C31CC	target_entry
raw/014A82A0_000100_target_entry.bin	0x14A82A0	256	D633C22FFBBDC91EB0821EFC0ECE77B4C10EDDA6025C79D7CC9F4E458B44211E	target_entry
raw/0147EC50_000100_target_entry.bin	0x147EC50	256	49E57E1EBAA0D39DED8B67FDDC40BE2ED93E10CEE8ED1BE1454160FE05FD9812	target_entry
raw/0434B605_000080_instruction_data.bin	0x434B605	128	FE54D3185A0CAF862F806F22A8881787EFD2F819AE39BD3213846E6CBC56BCA9	instruction_data
raw/0434B604_000080_instruction_data.bin	0x434B604	128	DF3026E3370025B46D86E2BE110C7A3A01697219AF1EB6AFC79AB08497ED4D69	instruction_data
raw/0434B60E_000080_instruction_data.bin	0x434B60E	128	D3F03F608088B170144CB8ED5DA0DE6BFEB50162E2C68B867F5394383EB24192	instruction_data
raw/0434B600_000080_instruction_data.bin	0x434B600	128	730E7927BEFF9D422CFC241E3A28B52BF84FCD0AC089EFD7CC20DA25956D7DCE	instruction_data
raw/0434B602_000080_instruction_data.bin	0x434B602	128	A260E928EB3DA2990AA7ADBEC7C95F71F5DCD4B792E4ED3D86FAAC31CDF52EE7	instruction_data
raw/0171CC50_000100_target_entry.bin	0x171CC50	256	8B66738FB3D4B603651A29CCAA80B96984B32BE6C514461C05CC05216EB016FC	target_entry
raw/039B9850_000080_instruction_data.bin	0x39B9850	128	315327D8FE2AD6EE9E60064E28CF7BE9B065C1B20387F3DB79D621490C3EDFCF	instruction_data
raw/017B2600_000100_target_entry.bin	0x17B2600	256	03FB7ECE1D7587F6D1C2722BB7C4CA5AF6D981DC7A05F159105BC4C36FCFB383	target_entry
raw/00C21EA0_000100_target_entry.bin	0xC21EA0	256	FA7BD988EFBCF0557B52CF6C21E13ECDD638D30C8273C6954815999AAE6E29F3	target_entry
raw/0623E620_000080_instruction_data.bin	0x623E620	128	38723A2E5E8A17AA7950DC008209944E898F69A7BD10A23C839D341E935FD5CA	instruction_data
raw/017279F0_000100_target_entry.bin	0x17279F0	256	0648276881004821513E6E4B22B36B633ECB27212AFC1B32381691D8BF29B060	target_entry
raw/01484C00_000100_target_entry.bin	0x1484C00	256	8FE768FE98CE8A74406AECF90439F9CA52921B09650A9B9328628CF9F583F3A5	target_entry
raw/0180EB90_000100_target_entry.bin	0x180EB90	256	BADA5D26A646725A3D228386984436A4F3DDB1381CE91CBD1458BB787DEC5CDA	target_entry
raw/015845C0_000100_target_entry.bin	0x15845C0	256	BF2890529DA2ABAA5F1AC98C3FB9C058089FA63E9BFE98FCE54C62735259529C	target_entry
raw/0171F250_000100_target_entry.bin	0x171F250	256	EC266DD26989519DF9929D6D5B1B85F91BA217D1FE947F1573C4B6C3314517D4	target_entry
raw/0171CFC0_000100_target_entry.bin	0x171CFC0	256	5C299D8F83DCB94400EE6B6D4DAC4BEC6CB36ACB9F278E9782DD7428E9DCB0DE	target_entry
raw/01720810_000100_target_entry.bin	0x1720810	256	AA0EDD8400CCDC69570BCDA475EE07D78F7570A1BD3B8AC19D36F99D03024232	target_entry
raw/014AAE80_000100_target_entry.bin	0x14AAE80	256	144E57E7EF745467AF00A06DEB63125079657F93C30DC3980E989EC6D2E8E26B	target_entry
raw/00BBB4D0_000100_target_entry.bin	0xBBB4D0	256	10159DD2CCF5DAE598889324063B8B776A414448AA0F0F26E4486E804ECF2B86	target_entry
raw/00B7E6F0_000100_target_entry.bin	0xB7E6F0	256	AAB713B8B83A033C18D83C8B7B9E2F24A6CD18E2ECC7DCB8D633DC761360F8D7	target_entry
raw/014A6CC0_000100_target_entry.bin	0x14A6CC0	256	E54BF63451A12A53ECE97BE315D04FA87D6316087850D978BCEE0BE002465DD0	target_entry
raw/014A7C70_000100_target_entry.bin	0x14A7C70	256	53E10243A504B238AB46804B441F26CE98BB4C31A6196E614F75942CAEC076A7	target_entry
raw/00B80850_000100_target_entry.bin	0xB80850	256	AAC5536508D5E194947205418FBC365A29FFE9D4E59947D72BEB361BD420DE24	target_entry
raw/00B70430_000100_target_entry.bin	0xB70430	256	B679A74F5F188296C8165B7091507AA4CCEBE3C1D04C9E365038C961D7D023A5	target_entry
raw/00BE8C90_000100_target_entry.bin	0xBE8C90	256	6F81EED7399179B7C3073FAA3D62AFEF24E225018F79CAD40D4A7BE5ED3AF508	target_entry
raw/04333715_000080_instruction_data.bin	0x4333715	128	0B9F757D157BA3CFC5EC460468AE642FC5F78568D4BA4452E8CE918E19A1E35D	instruction_data
raw/04333714_000080_instruction_data.bin	0x4333714	128	71DA29C374FFA23390FE29A46B13322E3B609D64739DF7BDF93B333375BF8A72	instruction_data
raw/0433371E_000080_instruction_data.bin	0x433371E	128	9D74119C072989B869FEDEA29019E8356A41C0AB5F2FF0BC7EE8428C0B674491	instruction_data
raw/04333710_000080_instruction_data.bin	0x4333710	128	7E7CFB12AA62F606F5F39CDC1070BAF06899F2B2F0FED45591221F77509D52D0	instruction_data
raw/04333712_000080_instruction_data.bin	0x4333712	128	57421438F4E855DA718CCEB534C6CD8877DCEEEF086C08AD6EAE192756BB9B5B	instruction_data
raw/00BE95C0_000100_target_entry.bin	0xBE95C0	256	2B2A67955BBDF97D7E4B2C34A8278370431978B7BE825847A2A02782808D14A9	target_entry
raw/0176A650_000100_target_entry.bin	0x176A650	256	8B9ABFD1BE9C6F64758E144426E342881265EFD5B9D9F318AF782CD4E52FAFEC	target_entry
raw/014A6DA0_000100_target_entry.bin	0x14A6DA0	256	C74BFADA4D33AA59D8B79EF75088AF9155C2D768A69FCAC8BB3C18D2D7ACF152	target_entry
raw/014A6840_000100_target_entry.bin	0x14A6840	256	9B03828DDFF003373218862C1E1884656B3D16C602490B3F2B5D1EB286720B1F	target_entry
raw/014A0370_000100_target_entry.bin	0x14A0370	256	C78D1CAAB3D537EC33224364359337218797F64613167BBB09F1C5928D861385	target_entry
raw/00B7E840_000100_target_entry.bin	0xB7E840	256	9D871FFB4C4BD4768870C702FC3D45A12F8176EBA7E6C58F1CB227776DC37416	target_entry
raw/0149F570_000100_target_entry.bin	0x149F570	256	4EFF5F00DF77A94715484AB6601ADBC8B990CE8B01BAAA1E714819D8D0F3789D	target_entry
raw/0147D7A0_000100_target_entry.bin	0x147D7A0	256	DE106F7154E6F533B14FCF3155F7D60B9D0FE03A6A7302B84CA12F605A28F4C6	target_entry
raw/00B72250_000100_target_entry.bin	0xB72250	256	7BD5803677C53309B03969682A536DC9C3CC690466AFFF233B43DFAFF92DF1EC	target_entry
raw/00B7E950_000100_target_entry.bin	0xB7E950	256	58F067824D6E7EF35F5BA5C745D1ADB7412014D34A22950E33D5F5707AB25BED	target_entry
raw/0171CB80_000100_target_entry.bin	0x171CB80	256	A4ABE0B610F63431D04CF0263206E08FD65063F4768A66817B398FE71C98453B	target_entry
raw/00B29C30_000100_target_entry.bin	0xB29C30	256	6082A2D78855D020045AE0CC6B0314013D59E88F73B0F3653D2BD7D4D1BB4A0E	target_entry
raw/0171FEA0_000100_target_entry.bin	0x171FEA0	256	9C9AC3045AE8BBEB99A006213442372EE750A9BD083203A2208D5AA76815D541	target_entry
raw/0171BE70_000100_target_entry.bin	0x171BE70	256	23C9F12499044FD5AE09D0634C14CC13273667A9A8B72666B865BFEAC539F97C	target_entry
raw/017C0090_000100_target_entry.bin	0x17C0090	256	A1E9846DBF38215E7F5657127F0B6595D2631FF05F63B2F3C42B2FEDF5183761	target_entry
raw/014936B0_000100_target_entry.bin	0x14936B0	256	45ED3B44F0C6CE88681D01DD2828EEDCAE0501B5F602E16BC5C8DE6837FFC655	target_entry
raw/00B70A90_000100_target_entry.bin	0xB70A90	256	57D9B5752E47905C145D233BD65BE960744C21D2397B35E6818F351C13302F3B	target_entry
raw/00B29E30_000100_target_entry.bin	0xB29E30	256	14563852A026C0C30629295211A8AE465769C0977C59B9F7F7CAFBD49882D61E	target_entry
raw/0171BEB0_000100_target_entry.bin	0x171BEB0	256	B71B2D03A2A8838A901B2252513AA7662CAFB8EE771A5B62EBE7C4250AB61D85	target_entry
raw/00C21970_000100_target_entry.bin	0xC21970	256	0B0BF05C303F1870A7279A93A665343B7F77DBA25725FA09E76DBC5A55F6B8AB	target_entry
raw/017BFE10_000100_target_entry.bin	0x17BFE10	256	DFA34772E69B1C6D4E8B0F19389C3D221E5F2C45ED3D182553EA122EDB27388E	target_entry
