rva	bytes	instruction
0x182CFC0	488B8168020000	MOV RAX,qword ptr [RCX + 0x268]
0x182CFC7	80B8C000000000	CMP byte ptr [RAX + 0xc0],0x0
0x182CFCE	0F857CD2FFFF	JNZ 0x14182a250
0x182CFD4	488B051DA4A104	MOV RAX,qword ptr [0x1462473f8]
0x182CFDB	4885C0	TEST RAX,RAX
0x182CFDE	742D	JZ 0x14182d00d
0x182CFE0	488B88B8000000	MOV RCX,qword ptr [RAX + 0xb8]
0x182CFE7	4885C9	TEST RCX,RCX
0x182CFEA	7421	JZ 0x14182d00d
0x182CFEC	488B5110	MOV RDX,qword ptr [RCX + 0x10]
0x182CFF0	4885D2	TEST RDX,RDX
0x182CFF3	7418	JZ 0x14182d00d
0x182CFF5	0FB64246	MOVZX EAX,byte ptr [RDX + 0x46]
0x182CFF9	B901000000	MOV ECX,0x1
0x182CFFE	3C02	CMP AL,0x2
0x182D000	0F42C1	CMOVC EAX,ECX
0x182D003	884246	MOV byte ptr [RDX + 0x46],AL
0x182D006	488B05EBA3A104	MOV RAX,qword ptr [0x1462473f8]
0x182D00D	488B80D0000000	MOV RAX,qword ptr [RAX + 0xd0]
0x182D014	48C7404000000000	MOV qword ptr [RAX + 0x40],0x0
0x182D01C	C6404801	MOV byte ptr [RAX + 0x48],0x1
0x182D020	C3	RET
